id,create_time,round_income,living_costs,paid_debt,mortgage_payment,profit_sold_house,spent_savings_for_buying_house,cost_taxes,cost_house_measures_bought,cost_personal_measures_bought,cost_fluvial_damage,cost_pluvial_damage,spendable_income,satisfaction_move_penalty,satisfaction_house_rating_delta,satisfaction_house_measures,satisfaction_personal_measures,satisfaction_fluvial_penalty,satisfaction_pluvial_penalty,satisfaction_debt_penalty,satisfaction_total,preferred_house_rating,maximum_mortgage,mortgage_house_start,mortgage_left_start,house_price_sold,house_price_bought,mortgage_house_end,mortgage_left_end,movingreason_id,moving_reason_other,pluvial_base_protection,fluvial_base_protection,pluvial_community_delta,fluvial_community_delta,pluvial_house_delta,fluvial_house_delta,player_state,player_id,groupround_id,start_housegroup_id,final_housegroup_id,active_transaction_id
1036,2025-09-23T10:45:04,75000,40000,0,0,0,0,0,0,0,0,0,5000,0,0,0,0,0,0,0,5,4,110000,0,0,0,0,0,0,,,0,0,0,0,0,0,LOGIN,634,269,,,
1054,2025-09-23T10:45:04,75000,40000,0,11000,0,15000,20000,0,0,0,0,-6000,0,0,0,0,0,0,0,5,4,110000,0,0,0,125000,110000,99000,,,6,6,0,0,0,0,VIEW_SUMMARY,634,271,,1307,
1092,2025-09-23T10:45:04,75000,40000,6000,11000,0,0,20000,0,0,0,0,-2000,0,0,0,0,0,0,1,4,4,110000,110000,99000,0,0,110000,88000,,,6,6,0,0,0,0,VIEW_SUMMARY,634,276,1307,1307,
1105,2025-09-23T10:45:04,75000,40000,2000,11000,0,0,20000,0,0,12000,0,-10000,0,0,0,0,4,0,1,-1,4,110000,110000,88000,0,0,110000,77000,,,6,6,-1,-2,0,0,VIEW_SUMMARY,634,278,1307,1307,
1131,2025-09-23T10:45:04,75000,40000,10000,11000,0,0,20000,0,0,12000,0,-18000,0,0,0,0,4,0,1,-6,4,110000,110000,77000,0,0,110000,66000,,,6,6,-2,-1,0,0,VIEW_SUMMARY,634,282,1307,1307,
1030,2025-09-23T10:28:36,110000,60000,0,0,0,0,0,0,0,0,0,30000,0,0,0,0,0,0,0,5,6,170000,0,0,0,0,0,0,,,0,0,0,0,0,0,LOGIN,635,269,,,
1049,2025-09-23T10:28:36,110000,60000,0,17000,0,30000,15000,8000,0,0,0,10000,0,0,1,0,0,0,0,6,6,170000,0,0,0,200000,170000,153000,,,6,9,0,0,1,1,VIEW_SUMMARY,635,271,,1296,
1090,2025-09-23T10:28:36,110000,60000,0,17000,0,0,15000,0,9000,0,0,19000,0,0,0,1,0,0,0,7,6,170000,170000,153000,0,0,170000,136000,,,6,9,0,0,0,0,VIEW_SUMMARY,635,276,1296,1296,
1102,2025-09-23T10:28:36,110000,60000,0,17000,0,0,15000,6000,15500,0,0,15500,0,0,1,3,0,0,0,11,6,170000,170000,136000,0,0,170000,119000,,,6,9,-1,-2,1,0,VIEW_SUMMARY,635,278,1296,1296,
1127,2025-09-23T10:28:36,110000,60000,0,17000,0,0,30000,1000,0,0,0,17500,0,0,0,0,0,0,0,11,6,170000,170000,119000,0,0,170000,102000,,,6,9,-2,-1,0,1,VIEW_SUMMARY,635,282,1296,1296,
1025,2025-09-23T10:26:01,60000,30000,0,0,0,0,0,0,0,0,0,0,0,0,0,0,0,0,0,5,3,80000,0,0,0,0,0,0,,,0,0,0,0,0,0,LOGIN,636,269,,,
1050,2025-09-23T10:26:01,60000,30000,0,7000,0,0,20000,0,1750,0,0,1250,0,-1,0,1,0,0,0,5,3,80000,0,0,0,70000,70000,63000,,,6,6,0,0,0,0,VIEW_SUMMARY,636,271,,1308,
1091,2025-09-23T10:26:01,60000,30000,0,7000,0,0,20000,1000,1400,0,0,1850,0,0,0,0,0,0,0,5,3,80000,70000,63000,0,0,70000,56000,,,6,6,0,0,0,1,VIEW_SUMMARY,636,276,1308,1308,
1111,2025-09-23T10:26:01,60000,30000,0,7000,0,0,20000,0,0,12000,0,-7150,0,0,0,0,4,0,0,1,3,80000,70000,56000,0,0,70000,49000,,,6,6,-1,-2,0,0,VIEW_SUMMARY,636,278,1308,1308,
1128,2025-09-23T10:26:01,60000,30000,7150,7000,0,0,20000,0,0,12000,0,-16150,0,0,0,0,4,0,1,-4,3,80000,70000,49000,0,0,70000,42000,,,6,6,-2,-1,0,0,VIEW_SUMMARY,636,282,1308,1308,
1034,2025-09-23T10:33:43,90000,50000,0,0,0,0,0,0,0,0,0,15000,0,0,0,0,0,0,0,5,5,130000,0,0,0,0,0,0,,,0,0,0,0,0,0,LOGIN,637,269,,,
1052,2025-09-23T10:33:43,90000,50000,0,10000,0,0,15000,6000,5000,0,0,19000,0,-2,1,2,0,0,0,6,5,130000,0,0,0,100000,100000,90000,,,6,9,0,0,1,0,VIEW_SUMMARY,637,271,,1298,
1094,2025-09-23T10:33:43,90000,50000,0,10000,0,0,15000,10000,2500,0,0,21500,0,0,0,1,0,0,0,7,5,130000,100000,90000,0,0,100000,80000,,,6,9,0,0,1,1,VIEW_SUMMARY,637,276,1298,1298,
1108,2025-09-23T10:33:43,90000,50000,0,10000,0,0,15000,8000,0,0,0,28500,0,0,1,0,0,0,0,8,5,130000,100000,80000,0,0,100000,70000,,,6,9,-1,-2,1,0,VIEW_SUMMARY,637,278,1298,1298,
1133,2025-09-23T10:33:43,90000,50000,0,10000,0,0,30000,9000,0,0,0,19500,0,0,1,0,0,0,0,9,5,130000,100000,70000,0,0,100000,60000,,,6,9,-2,-1,1,2,ANSWER_SURVEY,637,282,1298,1298,
1033,2025-09-23T10:33:32,130000,75000,0,0,0,0,0,0,0,0,0,50000,0,0,0,0,0,0,0,5,7,200000,0,0,0,0,0,0,,,0,0,0,0,0,0,LOGIN,638,269,,,
1051,2025-09-23T10:33:32,130000,75000,0,20000,0,100000,20000,0,0,0,4000,-39000,0,1,0,0,0,1,0,5,7,200000,0,0,0,300000,200000,180000,,,4,9,0,0,0,0,VIEW_SUMMARY,638,271,,1299,
1093,2025-09-23T10:33:32,130000,75000,39000,20000,0,0,20000,0,0,0,0,-24000,0,0,0,0,0,0,1,4,7,200000,200000,180000,0,0,200000,160000,,,4,9,0,0,0,0,VIEW_SUMMARY,638,276,1299,1299,
1107,2025-09-23T10:33:32,130000,75000,24000,20000,0,0,20000,0,0,0,0,-9000,0,0,0,0,0,0,1,3,7,200000,200000,160000,0,0,200000,140000,,,4,9,-1,-2,0,0,VIEW_SUMMARY,638,278,1299,1299,
1129,2025-09-23T10:33:32,130000,75000,9000,20000,0,0,20000,6000,0,0,0,0,0,0,1,0,0,0,1,3,7,200000,200000,140000,0,0,200000,120000,,,4,9,-2,-1,1,0,VIEW_SUMMARY,638,282,1299,1299,
1043,2025-09-23T10:45:35,190000,115000,0,0,0,0,0,0,0,0,0,80000,0,0,0,0,0,0,0,5,8,300000,0,0,0,0,0,0,,,0,0,0,0,0,0,LOGIN,639,269,,,
1053,2025-09-23T10:45:35,190000,115000,0,0,0,0,20000,8000,21000,0,0,106000,0,0,1,2,0,0,0,8,8,300000,0,0,0,0,0,0,,,4,9,0,0,1,1,VIEW_SUMMARY,639,271,,1300,
1095,2025-09-23T10:45:35,190000,115000,0,0,0,0,20000,16000,0,0,0,145000,0,0,1,0,0,0,0,9,8,300000,0,0,0,0,0,0,,,4,9,0,0,2,1,VIEW_SUMMARY,639,276,1300,1300,
1114,2025-09-23T10:45:35,190000,115000,0,0,0,0,20000,8000,17000,0,0,175000,0,0,1,2,0,0,0,12,8,300000,0,0,0,0,0,0,,,4,9,-1,-2,1,0,VIEW_SUMMARY,639,278,1300,1300,
1132,2025-09-23T10:45:35,190000,115000,0,30000,300000,125000,30000,14000,0,0,0,351000,1,1,2,0,0,0,0,14,8,300000,0,0,300000,425000,300000,270000,34,Other,6,9,-2,-1,4,2,VIEW_SUMMARY,639,282,1300,1357,
1032,2025-09-23T10:33:18,110000,60000,0,0,0,0,0,0,0,0,0,30000,0,0,0,0,0,0,0,5,6,170000,0,0,0,0,0,0,,,0,0,0,0,0,0,LOGIN,640,269,,,
1061,2025-09-23T10:33:18,110000,60000,0,17000,0,75000,15000,0,0,0,0,-27000,0,0,0,0,0,0,0,5,6,170000,0,0,0,245000,170000,153000,,,6,9,0,0,0,0,VIEW_SUMMARY,640,271,,1297,
1089,2025-09-23T10:33:18,110000,60000,27000,17000,0,0,15000,0,0,0,0,-9000,0,0,0,0,0,0,1,4,6,170000,170000,153000,0,0,170000,136000,,,6,9,0,0,0,0,VIEW_SUMMARY,640,276,1297,1297,
1112,2025-09-23T10:33:18,110000,60000,9000,17000,0,0,15000,7000,0,0,0,2000,0,0,1,0,0,0,1,4,6,170000,170000,136000,0,0,170000,119000,,,6,9,-1,-2,1,1,VIEW_SUMMARY,640,278,1297,1297,
1130,2025-09-23T10:33:18,110000,60000,0,17000,0,0,30000,0,0,0,0,5000,0,0,0,0,0,0,0,4,6,170000,170000,119000,0,0,170000,102000,,,6,9,-2,-1,0,0,VIEW_SUMMARY,640,282,1297,1297,
1026,2025-09-23T10:26:33,60000,30000,0,0,0,0,0,0,0,0,0,0,0,0,0,0,0,0,0,5,3,80000,0,0,0,0,0,0,,,0,0,0,0,0,0,LOGIN,642,267,,,
1038,2025-09-23T10:26:33,60000,30000,0,8000,0,20000,15000,0,0,0,0,-13000,0,0,0,0,0,0,0,5,3,80000,0,0,0,100000,80000,72000,,,6,9,0,0,0,0,VIEW_SUMMARY,642,270,,1283,
1078,2025-09-23T10:26:33,60000,30000,13000,8000,0,0,15000,0,0,0,4000,-10000,0,0,0,0,0,1,1,3,3,80000,80000,72000,0,0,80000,64000,,,6,9,0,0,0,0,VIEW_SUMMARY,642,274,1283,1283,
1096,2025-09-23T10:26:33,60000,30000,10000,8000,0,0,15000,0,0,16000,0,-19000,0,0,0,0,5,0,1,-3,3,80000,80000,64000,0,0,80000,56000,,,6,9,-1,-2,0,0,VIEW_SUMMARY,642,277,1283,1283,
1123,2025-09-23T10:26:33,60000,30000,19000,8000,0,0,20000,0,0,0,4000,-21000,0,0,0,0,0,1,1,-5,3,80000,80000,56000,0,0,80000,48000,,,6,9,-2,-1,0,0,VIEW_SUMMARY,642,281,1283,1283,
1027,2025-09-23T10:26:41,110000,60000,0,0,0,0,0,0,0,0,0,30000,0,0,0,0,0,0,0,5,6,170000,0,0,0,0,0,0,,,0,0,0,0,0,0,LOGIN,643,267,,,
1039,2025-09-23T10:26:41,110000,60000,0,17000,0,30000,15000,0,15000,0,0,3000,0,0,0,3,0,0,0,8,6,170000,0,0,0,200000,170000,153000,,,6,9,0,0,0,0,VIEW_SUMMARY,643,270,,1281,
1077,2025-09-23T10:26:41,110000,60000,0,17000,0,0,15000,8000,0,0,4000,9000,0,0,1,0,0,1,0,8,6,170000,170000,153000,0,0,170000,136000,,,6,9,0,0,1,1,VIEW_SUMMARY,643,274,1281,1281,
1097,2025-09-23T10:26:41,110000,60000,0,17000,0,0,15000,0,0,16000,0,11000,0,0,0,0,5,0,0,3,6,170000,170000,136000,0,0,170000,119000,,,6,9,-1,-2,0,0,VIEW_SUMMARY,643,277,1281,1281,
1125,2025-09-23T10:26:41,110000,60000,0,17000,101000,130000,15000,0,0,0,4000,-4000,3,2,0,0,0,1,0,1,6,170000,170000,119000,220000,300000,170000,153000,33,,4,9,-2,-1,0,0,VIEW_SUMMARY,643,281,1281,1349,
1028,2025-09-23T10:27:01,60000,30000,0,0,0,0,0,0,0,0,0,0,0,0,0,0,0,0,0,5,3,80000,0,0,0,0,0,0,,,0,0,0,0,0,0,LOGIN,644,267,,,
1042,2025-09-23T10:27:01,60000,30000,0,8000,0,0,15000,0,3600,0,0,3400,0,-1,0,1,0,0,0,5,3,80000,0,0,0,80000,80000,72000,,,4,9,0,0,0,0,VIEW_SUMMARY,644,270,,1288,
1079,2025-09-23T10:27:01,60000,30000,0,8000,0,0,15000,8000,0,0,4000,-1600,0,0,1,0,0,1,0,5,3,80000,80000,72000,0,0,80000,64000,,,4,9,0,0,1,1,VIEW_SUMMARY,644,274,1288,1288,
1099,2025-09-23T10:27:01,60000,30000,1600,8000,0,0,15000,0,0,16000,4000,-14600,0,0,0,0,5,1,1,-2,3,80000,80000,64000,0,0,80000,56000,,,4,9,-1,-2,0,0,VIEW_SUMMARY,644,277,1288,1288,
1122,2025-09-23T10:27:01,60000,30000,14600,8000,0,0,15000,0,0,0,4000,-11600,0,0,0,0,0,1,1,-4,3,80000,80000,56000,0,0,80000,48000,,,4,9,-2,-1,0,0,VIEW_SUMMARY,644,281,1288,1288,
1029,2025-09-23T10:27:08,90000,50000,0,0,0,0,0,0,0,0,0,15000,0,0,0,0,0,0,0,5,5,130000,0,0,0,0,0,0,,,0,0,0,0,0,0,LOGIN,645,267,,,
1045,2025-09-23T10:27:08,90000,50000,0,13000,0,30000,15000,0,0,0,0,-3000,0,0,0,0,0,0,0,5,5,130000,0,0,0,160000,130000,117000,,,4,9,0,0,0,0,VIEW_SUMMARY,645,270,,1286,
1081,2025-09-23T10:27:08,90000,50000,3000,13000,0,0,15000,6000,0,0,4000,-1000,0,0,1,0,0,1,1,4,5,130000,130000,117000,0,0,130000,104000,,,4,9,0,0,1,0,VIEW_SUMMARY,645,274,1286,1286,
1098,2025-09-23T10:27:08,90000,50000,1000,13000,0,0,15000,8000,0,16000,0,-13000,0,0,1,0,5,0,1,-1,5,130000,130000,104000,0,0,130000,91000,,,4,9,-1,-2,1,0,VIEW_SUMMARY,645,277,1286,1286,
1126,2025-09-23T10:27:08,90000,50000,13000,13000,0,0,15000,0,0,0,4000,-5000,0,0,0,0,0,1,1,-3,5,130000,130000,91000,0,0,130000,78000,,,4,9,-2,-1,0,0,VIEW_SUMMARY,645,281,1286,1286,
1037,2025-09-23T10:45:04,130000,75000,0,0,0,0,0,0,0,0,0,50000,0,0,0,0,0,0,0,5,7,200000,0,0,0,0,0,0,,,0,0,0,0,0,0,LOGIN,646,267,,,
1046,2025-09-23T10:45:04,130000,75000,0,20000,0,0,15000,33000,25500,0,0,11500,0,-1,3,4,0,0,0,11,7,200000,0,0,0,200000,200000,180000,,,6,9,0,0,4,3,VIEW_SUMMARY,646,270,,1282,
1080,2025-09-23T10:45:04,130000,75000,0,20000,0,0,15000,0,0,0,4000,27500,0,0,0,0,0,1,0,10,7,200000,200000,180000,0,0,200000,160000,,,6,9,0,0,0,0,VIEW_SUMMARY,646,274,1282,1282,
1101,2025-09-23T10:45:04,130000,75000,0,20000,0,0,15000,0,0,16000,0,31500,0,0,0,0,5,0,0,5,7,200000,200000,160000,0,0,200000,140000,,,6,9,-1,-2,0,0,VIEW_SUMMARY,646,277,1282,1282,
1121,2025-09-23T10:45:04,130000,75000,0,20000,0,0,20000,0,0,0,4000,42500,0,0,0,0,0,1,0,4,7,200000,200000,140000,0,0,200000,120000,,,6,9,-2,-1,0,0,VIEW_SUMMARY,646,281,1282,1282,
1031,2025-09-23T10:30:14,190000,115000,0,0,0,0,0,0,0,0,0,80000,0,0,0,0,0,0,0,5,8,300000,0,0,0,0,0,0,,,0,0,0,0,0,0,LOGIN,647,267,,,
1047,2025-09-23T10:30:14,190000,115000,0,30000,0,0,15000,14000,21000,0,0,75000,0,0,2,2,0,0,0,9,8,300000,0,0,0,300000,300000,270000,,,4,9,0,0,2,0,VIEW_SUMMARY,647,270,,1284,
1082,2025-09-23T10:30:14,190000,115000,0,30000,0,0,15000,19000,17000,0,4000,65000,0,0,1,2,0,1,0,11,8,300000,300000,270000,0,0,300000,240000,,,4,9,0,0,2,3,VIEW_SUMMARY,647,274,1284,1284,
1100,2025-09-23T10:30:14,190000,115000,0,30000,0,0,15000,0,0,16000,4000,75000,0,0,0,0,5,1,0,5,8,300000,300000,240000,0,0,300000,210000,,,4,9,-1,-2,0,0,VIEW_SUMMARY,647,277,1284,1284,
1124,2025-09-23T10:30:14,190000,115000,0,30000,190000,125000,20000,15000,0,0,0,150000,1,1,2,0,0,0,0,7,8,300000,300000,210000,400000,425000,300000,270000,35,,6,9,-2,-1,4,3,VIEW_SUMMARY,647,281,1284,1347,
1055,2025-09-23T10:46:58,75000,40000,0,0,0,0,0,0,0,0,0,5000,0,0,0,0,0,0,0,5,4,110000,0,0,0,0,0,0,,,0,0,0,0,0,0,LOGIN,650,268,,,
1064,2025-09-23T10:46:58,75000,40000,0,7000,0,0,20000,1000,3150,0,4000,4850,0,-2,0,1,1,1,0,2,4,110000,0,0,0,70000,70000,63000,,,6,6,0,0,0,1,VIEW_SUMMARY,650,272,,1324,
1087,2025-09-23T10:46:58,75000,40000,0,7000,0,0,20000,0,3500,0,4000,5350,0,0,0,2,0,1,0,3,4,110000,70000,63000,0,0,70000,56000,,,6,6,0,0,0,0,VIEW_SUMMARY,650,275,1324,1324,
1113,2025-09-23T10:46:58,75000,40000,0,7000,0,0,20000,8000,0,24000,0,-18650,0,0,1,0,7,0,0,-3,4,110000,70000,56000,0,0,70000,49000,,,6,6,-1,-2,1,1,VIEW_SUMMARY,650,279,1324,1324,
1137,2025-09-23T10:46:58,75000,40000,18650,7000,0,0,20000,0,0,16000,0,-26650,0,0,0,0,5,0,1,-9,4,110000,70000,49000,0,0,70000,42000,,,6,6,-2,-1,0,0,VIEW_SUMMARY,650,283,1324,1324,
1048,2025-09-23T10:46:41,110000,60000,0,0,0,0,0,0,0,0,0,30000,0,0,0,0,0,0,0,5,6,170000,0,0,0,0,0,0,,,0,0,0,0,0,0,LOGIN,651,268,,,
1066,2025-09-23T10:46:41,110000,60000,0,17000,0,30000,20000,9000,4000,0,4000,-4000,0,0,1,0,0,1,0,5,6,170000,0,0,0,200000,170000,153000,,,6,9,0,0,1,2,VIEW_SUMMARY,651,272,,1311,
1088,2025-09-23T10:46:41,110000,60000,4000,17000,0,0,20000,0,0,0,4000,5000,0,0,0,0,0,1,1,3,6,170000,170000,153000,0,0,170000,136000,,,6,9,0,0,0,0,VIEW_SUMMARY,651,275,1311,1311,
1104,2025-09-23T10:46:41,110000,60000,0,17000,0,0,20000,6000,0,16000,0,-4000,0,0,1,0,5,0,0,-1,6,170000,170000,136000,0,0,170000,119000,,,6,9,-1,-2,1,0,VIEW_SUMMARY,651,279,1311,1311,
1138,2025-09-23T10:46:41,110000,60000,4000,17000,0,0,30000,0,0,4000,0,-5000,0,0,0,0,2,0,1,-4,6,170000,170000,119000,0,0,170000,102000,,,6,9,-2,-1,0,0,VIEW_SUMMARY,651,283,1311,1311,
1041,2025-09-23T10:45:24,60000,30000,0,0,0,0,0,0,0,0,0,0,0,0,0,0,0,0,0,5,3,80000,0,0,0,0,0,0,,,0,0,0,0,0,0,LOGIN,652,268,,,
1065,2025-09-23T10:45:24,60000,30000,0,8000,0,20000,20000,0,0,0,4000,-22000,0,0,0,0,0,1,0,4,3,80000,0,0,0,100000,80000,72000,,,6,9,0,0,0,0,VIEW_SUMMARY,652,272,,1313,
1083,2025-09-23T10:45:24,60000,30000,22000,8000,0,0,20000,0,0,0,4000,-24000,0,0,0,0,0,1,1,2,3,80000,80000,72000,0,0,80000,64000,,,6,9,0,0,0,0,VIEW_SUMMARY,652,275,1313,1313,
1109,2025-09-23T10:45:24,60000,30000,24000,8000,0,0,20000,0,0,16000,0,-38000,0,0,0,0,5,0,1,-4,3,80000,80000,64000,0,0,80000,56000,,,6,9,-1,-2,0,0,VIEW_SUMMARY,652,279,1313,1313,
1135,2025-09-23T10:45:24,60000,30000,30000,8000,0,0,30000,0,0,4000,0,-50000,0,0,0,0,2,0,1,-7,3,80000,80000,56000,0,0,80000,48000,,,6,9,-2,-1,0,0,VIEW_SUMMARY,652,283,1313,1313,
1044,2025-09-23T10:45:41,90000,50000,0,0,0,0,0,0,0,0,0,15000,0,0,0,0,0,0,0,5,5,130000,0,0,0,0,0,0,,,0,0,0,0,0,0,LOGIN,653,268,,,
1062,2025-09-23T10:45:41,90000,50000,0,12500,0,0,20000,8000,3125,4000,4000,3375,0,-1,1,1,2,1,0,3,5,130000,0,0,0,125000,125000,112500,,,6,6,0,0,1,0,VIEW_SUMMARY,653,272,,1321,
1086,2025-09-23T10:45:41,90000,50000,0,12500,0,0,20000,8000,0,0,4000,-1125,0,0,1,0,0,1,0,3,5,130000,125000,112500,0,0,125000,100000,,,6,6,0,0,1,1,VIEW_SUMMARY,653,275,1321,1321,
1103,2025-09-23T10:45:41,90000,50000,1125,12500,0,0,20000,0,0,28000,0,-21625,0,0,0,0,8,0,1,-6,5,130000,125000,100000,0,0,125000,87500,,,6,6,-1,-2,0,0,VIEW_SUMMARY,653,279,1321,1321,
1134,2025-09-23T10:45:41,90000,50000,21625,12500,0,0,20000,0,0,16000,0,-30125,0,0,0,0,5,0,1,-12,5,130000,125000,87500,0,0,125000,75000,,,6,6,-2,-1,0,0,VIEW_SUMMARY,653,283,1321,1321,
1040,2025-09-23T10:45:23,130000,75000,0,0,0,0,0,0,0,0,0,50000,0,0,0,0,0,0,0,5,7,200000,0,0,0,0,0,0,,,0,0,0,0,0,0,LOGIN,654,268,,,
1067,2025-09-23T10:45:23,130000,75000,0,20000,0,100000,20000,0,0,0,4000,-39000,0,1,0,0,0,1,0,5,7,200000,0,0,0,300000,200000,180000,,,4,9,0,0,0,0,VIEW_SUMMARY,654,272,,1315,
1084,2025-09-23T10:45:23,130000,75000,39000,20000,0,0,20000,0,0,0,4000,-28000,0,0,0,0,0,1,1,3,7,200000,200000,180000,0,0,200000,160000,,,4,9,0,0,0,0,VIEW_SUMMARY,654,275,1315,1315,
1110,2025-09-23T10:45:23,130000,75000,28000,20000,0,0,20000,0,0,16000,0,-29000,0,0,0,0,5,0,1,-3,7,200000,200000,160000,0,0,200000,140000,,,4,9,-1,-2,0,0,VIEW_SUMMARY,654,279,1315,1315,
1139,2025-09-23T10:45:23,130000,75000,29000,20000,160000,0,30000,23000,25500,0,0,87500,1,-1,3,4,1,0,1,0,7,200000,200000,140000,300000,200000,200000,180000,32,,6,9,-2,-1,4,3,VIEW_SUMMARY,654,283,1315,1366,
1035,2025-09-23T10:42,190000,115000,0,0,0,0,0,0,0,0,0,80000,0,0,0,0,0,0,0,5,8,300000,0,0,0,0,0,0,,,0,0,0,0,0,0,LOGIN,655,268,,,
1063,2025-09-23T10:42,190000,115000,0,30000,0,0,20000,10000,21000,0,4000,70000,0,0,0,2,0,1,0,6,8,300000,0,0,0,300000,300000,270000,,,4,9,0,0,1,1,VIEW_SUMMARY,655,272,,1314,
1085,2025-09-23T10:42,190000,115000,0,30000,0,0,20000,9000,0,0,4000,82000,0,0,1,0,0,1,0,6,8,300000,300000,270000,0,0,300000,240000,,,4,9,0,0,1,1,VIEW_SUMMARY,655,275,1314,1314,
1106,2025-09-23T10:42,190000,115000,0,30000,0,0,20000,14000,0,12000,0,81000,0,0,2,0,4,0,0,4,8,300000,300000,240000,0,0,300000,210000,,,4,9,-1,-2,2,1,VIEW_SUMMARY,655,279,1314,1314,
1136,2025-09-23T10:42,190000,115000,0,30000,90000,125000,30000,15000,20125,0,0,25875,1,1,2,2,1,0,0,7,8,300000,300000,210000,300000,425000,300000,270000,34,,6,9,-2,-1,4,3,VIEW_SUMMARY,655,283,1314,1367,
1069,2025-09-23T10:48:27,75000,40000,0,0,0,0,0,0,0,0,0,5000,0,0,0,0,0,0,0,5,4,110000,0,0,0,0,0,0,,,0,0,0,0,0,0,LOGIN,658,266,,,
1073,2025-09-23T10:48:27,75000,40000,0,0,0,0,0,0,0,0,0,40000,0,0,0,0,0,0,0,5,4,110000,0,0,0,0,0,0,,,0,0,0,0,0,0,VIEW_BUY_HOUSE,658,273,,,
1057,2025-09-23T10:47:25,110000,60000,0,0,0,0,0,0,0,0,0,30000,0,0,0,0,0,0,0,5,6,170000,0,0,0,0,0,0,,,0,0,0,0,0,0,LOGIN,659,266,,,
1074,2025-09-23T10:47:25,110000,60000,0,16000,0,0,15000,18000,8000,0,0,23000,0,-1,1,2,0,0,0,7,6,170000,0,0,0,160000,160000,144000,,,4,9,0,0,2,2,VIEW_SUMMARY,659,273,,1331,
1117,2025-09-23T10:47:25,110000,60000,0,16000,0,0,15000,15000,9500,0,0,17500,0,0,2,2,0,0,0,11,6,170000,160000,144000,0,0,160000,128000,,,4,9,0,0,2,1,VIEW_SUMMARY,659,280,1331,1331,
1142,2025-09-23T10:47:25,110000,60000,0,16000,0,0,15000,0,3200,0,4000,29300,0,0,0,0,0,1,0,10,6,170000,160000,128000,0,0,160000,112000,,,4,9,-2,-1,0,0,VIEW_SUMMARY,659,284,1331,1331,
1150,2025-09-23T10:47:25,110000,60000,0,17000,88000,30000,30000,0,0,0,0,90300,1,0,0,0,0,0,0,9,6,170000,160000,112000,200000,200000,170000,153000,35,,6,9,-2,-1,4,3,VIEW_SUMMARY,659,285,1331,1378,
1058,2025-09-23T10:47:29,60000,30000,0,0,0,0,0,0,0,0,0,0,0,0,0,0,0,0,0,5,3,80000,0,0,0,0,0,0,,,0,0,0,0,0,0,LOGIN,660,266,,,
1072,2025-09-23T10:47:29,60000,30000,0,8000,0,0,15000,0,1600,0,0,5400,0,-1,0,0,0,0,0,4,3,80000,0,0,0,80000,80000,72000,,,4,9,0,0,0,0,VIEW_SUMMARY,660,273,,1334,
1120,2025-09-23T10:47:29,60000,30000,0,8000,0,0,15000,8000,0,0,0,4400,0,0,1,0,0,0,0,5,3,80000,80000,72000,0,0,80000,64000,,,4,9,0,0,1,1,VIEW_SUMMARY,660,280,1334,1334,
1144,2025-09-23T10:47:29,60000,30000,0,8000,0,0,15000,6000,0,0,4000,1400,0,0,1,0,0,1,0,5,3,80000,80000,64000,0,0,80000,56000,,,4,9,-2,-1,1,0,VIEW_SUMMARY,660,284,1334,1334,
1151,2025-09-23T10:47:29,60000,30000,0,8000,0,0,20000,0,2000,0,4000,-2600,0,0,0,1,0,1,0,5,3,80000,80000,56000,0,0,80000,48000,,,4,9,-2,-1,0,0,VIEW_SUMMARY,660,285,1334,1334,
1059,2025-09-23T10:47:34,90000,50000,0,0,0,0,0,0,0,0,0,15000,0,0,0,0,0,0,0,5,5,130000,0,0,0,0,0,0,,,0,0,0,0,0,0,LOGIN,661,266,,,
1076,2025-09-23T10:47:34,90000,50000,0,10000,0,0,15000,6000,7000,0,0,17000,0,-2,1,2,0,0,0,6,5,130000,0,0,0,100000,100000,90000,,,6,9,0,0,1,0,VIEW_SUMMARY,661,273,,1328,
1118,2025-09-23T10:47:34,90000,50000,0,10000,0,0,15000,8000,7000,0,0,17000,0,0,1,2,0,0,0,9,5,130000,100000,90000,0,0,100000,80000,,,6,9,0,0,1,1,VIEW_SUMMARY,661,280,1328,1328,
1141,2025-09-23T10:47:34,90000,50000,0,10000,0,0,15000,0,0,0,4000,28000,0,0,0,0,0,1,0,8,5,130000,100000,80000,0,0,100000,70000,,,6,9,-2,-1,0,0,VIEW_SUMMARY,661,284,1328,1328,
1148,2025-09-23T10:47:34,90000,50000,0,10000,0,0,30000,8000,0,0,0,20000,0,0,1,0,0,0,0,9,5,130000,100000,70000,0,0,100000,60000,,,6,9,-2,-1,1,0,VIEW_SUMMARY,661,285,1328,1328,
1068,2025-09-23T10:48:05,130000,75000,0,0,0,0,0,0,0,0,0,50000,0,0,0,0,0,0,0,5,7,200000,0,0,0,0,0,0,,,0,0,0,0,0,0,LOGIN,662,266,,,
1075,2025-09-23T10:48:05,130000,75000,0,20000,0,0,15000,24000,0,0,0,46000,0,-1,2,0,0,0,0,6,7,200000,0,0,0,200000,200000,180000,,,6,9,0,0,3,2,VIEW_SUMMARY,662,273,,1326,
1116,2025-09-23T10:48:05,130000,75000,0,20000,0,0,15000,8000,10000,0,0,48000,0,0,1,2,0,0,0,9,7,200000,200000,180000,0,0,200000,160000,,,6,9,0,0,1,0,VIEW_SUMMARY,662,280,1326,1326,
1145,2025-09-23T10:48:05,130000,75000,0,20000,0,0,15000,1000,0,0,4000,63000,0,0,0,0,0,1,0,8,7,200000,200000,160000,0,0,200000,140000,,,6,9,-2,-1,0,1,VIEW_SUMMARY,662,284,1326,1326,
1149,2025-09-23T10:48:05,130000,75000,0,20000,0,0,30000,0,15500,0,0,52500,0,0,0,2,0,0,0,10,7,200000,200000,140000,0,0,200000,120000,,,6,9,-2,-1,0,0,VIEW_SUMMARY,662,285,1326,1326,
1060,2025-09-23T10:47:34,190000,115000,0,0,0,0,0,0,0,0,0,80000,0,0,0,0,0,0,0,5,8,300000,0,0,0,0,0,0,,,0,0,0,0,0,0,LOGIN,663,266,,,
1071,2025-09-23T10:47:34,190000,115000,0,30000,0,0,15000,24000,21000,0,0,65000,0,0,2,2,0,0,0,9,8,300000,0,0,0,300000,300000,270000,,,4,9,0,0,4,2,VIEW_SUMMARY,663,273,,1329,
1119,2025-09-23T10:47:34,190000,115000,0,30000,0,0,15000,1000,17000,0,4000,73000,0,0,0,2,0,1,0,10,8,300000,300000,270000,0,0,300000,240000,,,4,9,0,0,0,1,VIEW_SUMMARY,663,280,1329,1329,
1143,2025-09-23T10:47:34,190000,115000,0,30000,0,0,15000,0,0,0,4000,99000,0,0,0,0,0,1,0,9,8,300000,300000,240000,0,0,300000,210000,,,4,9,-2,-1,0,0,VIEW_SUMMARY,663,284,1329,1329,
1147,2025-09-23T10:47:34,190000,115000,0,30000,90000,125000,30000,0,0,0,0,79000,1,1,0,0,0,0,0,9,8,300000,300000,210000,300000,425000,300000,270000,33,,6,9,-2,-1,4,2,ANSWER_SURVEY,663,285,1329,1379,
1056,2025-09-23T10:47:24,110000,60000,0,0,0,0,0,0,0,0,0,30000,0,0,0,0,0,0,0,5,6,170000,0,0,0,0,0,0,,,0,0,0,0,0,0,LOGIN,664,266,,,
1070,2025-09-23T10:47:24,110000,60000,0,17000,0,30000,15000,0,0,0,0,18000,0,0,0,0,0,0,0,5,6,170000,0,0,0,200000,170000,153000,,,6,9,0,0,1,1,VIEW_SUMMARY,664,273,,1327,
1115,2025-09-23T10:47:24,110000,60000,0,17000,0,0,15000,24000,0,0,0,12000,0,0,2,0,0,0,0,7,6,170000,170000,153000,0,0,170000,136000,,,6,9,0,0,3,1,VIEW_SUMMARY,664,280,1327,1327,
1140,2025-09-23T10:47:24,110000,60000,0,17000,0,0,15000,1000,5000,0,4000,20000,0,0,0,1,0,1,0,7,6,170000,170000,136000,0,0,170000,119000,,,6,9,-2,-1,0,1,VIEW_SUMMARY,664,284,1327,1327,
1146,2025-09-23T10:47:24,110000,60000,0,17000,121000,130000,20000,0,5500,0,4000,14500,3,2,0,1,0,1,0,6,6,170000,170000,119000,240000,300000,170000,153000,36,,4,9,-2,-1,0,0,VIEW_SUMMARY,664,285,1327,1329,
1153,2025-09-23T14:07:49,75000,40000,0,0,0,0,0,0,0,0,0,5000,0,0,0,0,0,0,0,5,4,110000,0,0,0,0,0,0,,,0,0,0,0,0,0,LOGIN,666,289,,,
1182,2025-09-23T14:07:49,75000,40000,0,7000,0,0,20000,1000,3500,12000,4000,-7500,0,-2,0,2,4,1,0,0,4,110000,0,0,0,70000,70000,63000,,,6,6,0,0,0,1,VIEW_SUMMARY,666,291,,1417,
1225,2025-09-23T14:07:49,75000,40000,7500,7000,0,0,20000,0,0,24000,4000,-27500,0,0,0,0,7,1,1,-9,4,110000,70000,63000,0,0,70000,56000,,,6,6,0,0,0,0,VIEW_SUMMARY,666,297,1417,1417,
1246,2025-09-23T14:07:49,75000,40000,27500,7000,0,0,20000,0,0,12000,4000,-35500,0,0,0,0,4,1,1,-15,4,110000,70000,56000,0,0,70000,49000,,,6,6,-2,-1,0,0,VIEW_SUMMARY,666,301,1417,1417,
1268,2025-09-23T14:07:49,75000,40000,35000,7000,0,0,20000,0,0,8000,4000,-39500,0,0,0,0,3,1,1,-20,4,110000,70000,49000,0,0,70000,42000,,,6,6,-2,-1,0,0,VIEW_DAMAGE,666,304,1417,1417,
1152,2025-09-23T14:07:12,110000,60000,0,0,0,0,0,0,0,0,0,30000,0,0,0,0,0,0,0,5,6,170000,0,0,0,0,0,0,,,0,0,0,0,0,0,LOGIN,667,289,,,
1201,2025-09-23T14:07:12,110000,60000,0,17000,0,30000,15000,0,10000,4000,4000,0,0,0,0,2,2,1,0,4,6,170000,0,0,0,200000,170000,153000,,,6,9,0,0,0,0,VIEW_SUMMARY,667,291,,1404,
1226,2025-09-23T14:07:12,110000,60000,0,17000,0,0,15000,8000,0,8000,4000,-2000,0,0,1,0,3,1,0,1,6,170000,170000,153000,0,0,170000,136000,,,6,9,0,0,1,1,VIEW_SUMMARY,667,297,1404,1404,
1251,2025-09-23T14:07:12,110000,60000,2000,17000,0,0,15000,7000,0,0,4000,5000,0,0,1,0,0,1,1,0,6,170000,170000,136000,0,0,170000,119000,,,6,9,-2,-1,1,1,VIEW_SUMMARY,667,301,1404,1404,
1272,2025-09-23T14:07:12,110000,60000,0,17000,0,0,30000,0,0,0,4000,4000,0,0,0,0,0,1,0,-1,6,170000,170000,119000,0,0,170000,102000,,,6,9,-2,-1,0,0,VIEW_DAMAGE,667,304,1404,1404,
1186,2025-09-23T14:27:07,60000,30000,0,0,0,0,0,0,0,0,0,0,0,0,0,0,0,0,0,5,3,80000,0,0,0,0,0,0,,,0,0,0,0,0,0,LOGIN,668,289,,,
1187,2025-09-23T14:27:07,60000,30000,0,7000,0,0,20000,0,0,16000,4000,-17000,0,-1,0,0,5,1,0,-2,3,80000,0,0,0,70000,70000,63000,,,6,6,0,0,0,0,VIEW_SUMMARY,668,291,,1416,
1220,2025-09-23T14:27:07,60000,30000,17000,7000,0,0,20000,0,0,24000,4000,-42000,0,0,0,0,7,1,1,-11,3,80000,70000,63000,0,0,70000,56000,,,6,6,0,0,0,0,VIEW_SUMMARY,668,297,1416,1416,
1250,2025-09-23T14:27:07,60000,30000,30000,7000,0,0,20000,0,0,12000,4000,-55000,0,0,0,0,4,1,1,-17,3,80000,70000,56000,0,0,70000,49000,,,6,6,-2,-1,0,0,VIEW_SUMMARY,668,301,1416,1416,
1276,2025-09-23T14:27:07,60000,30000,30000,7000,0,0,20000,0,0,8000,4000,-64000,0,0,0,0,3,1,1,-22,3,80000,70000,49000,0,0,70000,42000,,,6,6,-2,-1,0,0,VIEW_DAMAGE,668,304,1416,1416,
1159,2025-09-23T14:15:12,90000,50000,0,0,0,0,0,0,0,0,0,15000,0,0,0,0,0,0,0,5,5,130000,0,0,0,0,0,0,,,0,0,0,0,0,0,LOGIN,669,289,,,
1188,2025-09-23T14:15:12,90000,50000,0,10000,0,0,15000,6000,4500,4000,4000,11500,0,-2,1,1,2,1,0,2,5,130000,0,0,0,100000,100000,90000,,,6,9,0,0,1,0,VIEW_SUMMARY,669,291,,1406,
1224,2025-09-23T14:15:12,90000,50000,0,10000,0,0,15000,8000,0,12000,4000,2500,0,0,1,0,4,1,0,-2,5,130000,100000,90000,0,0,100000,80000,,,6,9,0,0,1,0,VIEW_SUMMARY,669,297,1406,1406,
1247,2025-09-23T14:15:12,90000,50000,0,10000,0,0,15000,8000,0,0,4000,5500,0,0,1,0,0,1,0,-2,5,130000,100000,80000,0,0,100000,70000,,,6,9,-2,-1,1,1,VIEW_SUMMARY,669,301,1406,1406,
1265,2025-09-23T14:15:12,90000,50000,0,10000,0,0,30000,0,0,0,4000,1500,0,0,0,0,0,1,0,-3,5,130000,100000,70000,0,0,100000,60000,,,6,9,-2,-1,0,0,ANSWER_SURVEY,669,304,1406,1406,
1155,2025-09-23T14:14:25,130000,75000,0,0,0,0,0,0,0,0,0,50000,0,0,0,0,0,0,0,5,7,200000,0,0,0,0,0,0,,,0,0,0,0,0,0,LOGIN,670,289,,,
1185,2025-09-23T14:14:25,130000,75000,0,16000,0,0,20000,8000,8000,0,4000,49000,0,-2,1,2,1,1,0,4,7,200000,0,0,0,160000,160000,144000,,,4,9,0,0,1,1,VIEW_SUMMARY,670,291,,1410,
1221,2025-09-23T14:14:25,130000,75000,0,16000,0,0,20000,14000,7200,12000,4000,30800,0,0,2,1,4,1,0,2,7,200000,160000,144000,0,0,160000,128000,,,4,9,0,0,2,0,VIEW_SUMMARY,670,297,1410,1410,
1248,2025-09-23T14:14:25,130000,75000,0,16000,0,0,20000,11000,6500,0,4000,28300,0,0,0,1,0,1,0,2,7,200000,160000,128000,0,0,160000,112000,,,4,9,-2,-1,1,2,VIEW_SUMMARY,670,301,1410,1410,
1267,2025-09-23T14:14:25,130000,75000,0,16000,0,0,20000,0,0,0,4000,43300,0,0,0,0,0,1,0,1,7,200000,160000,112000,0,0,160000,96000,,,4,9,-2,-1,0,0,VIEW_DAMAGE,670,304,1410,1410,
1171,2025-09-23T14:25:13,190000,115000,0,0,0,0,0,0,0,0,0,80000,0,0,0,0,0,0,0,5,8,300000,0,0,0,0,0,0,,,0,0,0,0,0,0,LOGIN,671,289,,,
1181,2025-09-23T14:25:13,190000,115000,0,30000,0,0,20000,32000,15500,0,4000,53500,0,0,3,1,1,1,0,7,8,300000,0,0,0,300000,300000,270000,,,4,9,0,0,4,2,VIEW_SUMMARY,671,291,,1407,
1223,2025-09-23T14:25:13,190000,115000,0,30000,0,0,20000,0,15000,12000,4000,47500,0,0,0,2,4,1,0,4,8,300000,300000,270000,0,0,300000,240000,,,4,9,0,0,0,0,VIEW_SUMMARY,671,297,1407,1407,
1245,2025-09-23T14:25:13,190000,115000,0,30000,0,0,20000,1000,7500,0,4000,60000,0,0,0,1,0,1,0,4,8,300000,300000,240000,0,0,300000,210000,,,4,9,-2,-1,0,1,VIEW_SUMMARY,671,301,1407,1407,
1266,2025-09-23T14:25:13,190000,115000,0,30000,90000,125000,30000,14000,0,0,0,26000,1,1,2,0,0,0,0,6,8,300000,300000,210000,300000,425000,300000,270000,33,,6,9,-2,-1,4,2,VIEW_DAMAGE,671,304,1407,1477,
1156,2025-09-23T14:14:26,110000,60000,0,0,0,0,0,0,0,0,0,30000,0,0,0,0,0,0,0,5,6,170000,0,0,0,0,0,0,,,0,0,0,0,0,0,LOGIN,672,289,,,
1183,2025-09-23T14:14:26,110000,60000,0,17000,0,100000,15000,0,0,4000,4000,-60000,0,0,0,0,2,1,0,2,6,170000,0,0,0,270000,170000,153000,,,6,9,0,0,0,0,VIEW_SUMMARY,672,291,,1405,
1222,2025-09-23T14:14:26,110000,60000,50000,17000,0,0,15000,0,0,12000,4000,-58000,0,0,0,0,4,1,1,-4,6,170000,170000,153000,0,0,170000,136000,,,6,9,0,0,0,0,VIEW_SUMMARY,672,297,1405,1405,
1249,2025-09-23T14:14:26,110000,60000,50000,17000,0,0,15000,0,0,0,4000,-44000,0,0,0,0,0,1,1,-6,6,170000,170000,136000,0,0,170000,119000,,,6,9,-2,-1,0,0,VIEW_SUMMARY,672,301,1405,1405,
1264,2025-09-23T14:14:26,110000,60000,44000,17000,0,0,30000,0,0,0,4000,-45000,0,0,0,0,0,1,1,-8,6,170000,170000,119000,0,0,170000,85000,,,6,9,-2,-1,0,0,VIEW_DAMAGE,672,304,1405,1405,
1162,2025-09-23T14:16:18,75000,40000,0,0,0,0,0,0,0,0,0,5000,0,0,0,0,0,0,0,5,4,110000,0,0,0,0,0,0,,,0,0,0,0,0,0,LOGIN,674,288,,,
1190,2025-09-23T14:16:18,75000,40000,0,10000,0,0,15000,0,7000,0,4000,4000,0,-1,0,2,0,1,0,5,4,110000,0,0,0,100000,100000,90000,,,6,9,0,0,0,0,VIEW_SUMMARY,674,292,,1421,
1206,2025-09-23T14:16:18,75000,40000,0,10000,0,0,15000,1000,0,0,0,13000,0,0,0,0,0,0,0,5,4,110000,100000,90000,0,0,100000,80000,,,6,9,0,0,0,1,VIEW_SUMMARY,674,294,1421,1421,
1229,2025-09-23T14:16:18,75000,40000,0,10000,0,0,15000,14000,0,8000,0,1000,0,0,2,0,3,0,0,4,4,110000,100000,80000,0,0,100000,70000,,,6,9,-2,-1,2,0,VIEW_SUMMARY,674,298,1421,1421,
1270,2025-09-23T14:16:18,75000,40000,0,10000,0,0,30000,0,0,0,0,-4000,0,0,0,0,0,0,0,4,4,110000,100000,70000,0,0,100000,60000,,,6,9,-2,-1,0,0,VIEW_SUMMARY,674,305,1421,1421,
1163,2025-09-23T14:24:27,110000,60000,0,0,0,0,0,0,0,0,0,30000,0,0,0,0,0,0,0,5,6,170000,0,0,0,0,0,0,,,0,0,0,0,0,0,LOGIN,675,288,,,
1193,2025-09-23T14:24:27,110000,60000,0,17000,0,30000,15000,8000,4000,0,0,6000,0,0,1,0,0,0,0,6,6,170000,0,0,0,200000,170000,153000,,,6,9,0,0,1,1,VIEW_SUMMARY,675,292,,1419,
1205,2025-09-23T14:24:27,110000,60000,0,17000,0,0,15000,7000,0,0,0,17000,0,0,1,0,0,0,0,7,6,170000,170000,153000,0,0,170000,136000,,,6,9,0,0,1,1,VIEW_SUMMARY,675,294,1419,1419,
1230,2025-09-23T14:24:27,110000,60000,0,17000,0,0,15000,18000,0,4000,0,13000,0,0,1,0,2,0,0,6,6,170000,170000,136000,0,0,170000,119000,,,6,9,-2,-1,2,1,VIEW_SUMMARY,675,298,1419,1419,
1271,2025-09-23T14:24:27,110000,60000,0,17000,0,0,30000,0,10000,0,0,6000,0,0,0,2,0,0,0,8,6,170000,170000,119000,0,0,170000,102000,,,6,9,-2,-1,0,0,VIEW_SUMMARY,675,305,1419,1419,
1160,2025-09-23T14:15:48,60000,30000,0,0,0,0,0,0,0,0,0,0,0,0,0,0,0,0,0,5,3,80000,0,0,0,0,0,0,,,0,0,0,0,0,0,LOGIN,676,288,,,
1184,2025-09-23T14:15:48,60000,30000,0,8000,0,0,20000,0,1600,0,4000,-3600,0,-1,0,0,0,1,0,3,3,80000,0,0,0,80000,80000,72000,,,4,9,0,0,0,0,VIEW_SUMMARY,676,292,,1427,
1207,2025-09-23T14:15:48,60000,30000,3600,8000,0,0,20000,0,0,0,4000,-5600,0,0,0,0,0,1,1,1,3,80000,80000,72000,0,0,80000,64000,,,4,9,0,0,0,0,VIEW_SUMMARY,676,294,1427,1427,
1227,2025-09-23T14:15:48,60000,30000,5600,8000,16000,0,20000,6000,2000,8000,4000,-7600,1,-1,1,1,3,1,1,-4,3,80000,80000,64000,80000,80000,80000,72000,34,,4,9,-2,-1,1,0,VIEW_SUMMARY,676,298,1427,1427,
1275,2025-09-23T14:15:48,60000,30000,7600,8000,20000,0,20000,9000,0,0,0,5400,1,-1,1,0,0,0,1,-6,3,80000,80000,72000,92000,80000,80000,72000,34,,4,9,-2,-1,1,1,VIEW_SUMMARY,676,305,1427,1427,
1161,2025-09-23T14:16:09,90000,50000,0,0,0,0,0,0,0,0,0,15000,0,0,0,0,0,0,0,5,5,130000,0,0,0,0,0,0,,,0,0,0,0,0,0,LOGIN,677,288,,,
1192,2025-09-23T14:16:09,90000,50000,0,12500,0,0,20000,9000,2500,0,0,11000,0,-1,1,0,1,0,0,4,5,130000,0,0,0,125000,125000,112500,,,6,6,0,0,1,2,VIEW_SUMMARY,677,292,,1429,
1203,2025-09-23T14:16:09,90000,50000,0,12500,0,0,20000,0,4500,12000,0,2000,0,0,0,1,4,0,0,1,5,130000,125000,112500,0,0,125000,100000,,,6,6,0,0,0,0,VIEW_SUMMARY,677,294,1429,1429,
1232,2025-09-23T14:16:09,90000,50000,0,12500,0,0,20000,0,0,20000,4000,-14500,0,0,0,0,6,1,0,-6,5,130000,125000,100000,0,0,125000,87500,,,6,6,-2,-1,0,0,VIEW_SUMMARY,677,298,1429,1429,
1274,2025-09-23T14:16:09,90000,50000,14500,11100,37500,0,30000,14000,2500,0,0,5400,1,-2,2,1,0,0,1,-7,5,130000,125000,87500,125000,111000,111000,99900,34,,6,9,-2,-1,2,2,VIEW_SUMMARY,677,305,1429,1488,
1157,2025-09-23T14:14:38,130000,75000,0,0,0,0,0,0,0,0,0,50000,0,0,0,0,0,0,0,5,7,200000,0,0,0,0,0,0,,,0,0,0,0,0,0,LOGIN,678,288,,,
1191,2025-09-23T14:14:38,130000,75000,0,20000,0,0,15000,33000,25500,0,0,11500,0,-1,3,4,0,0,0,11,7,200000,0,0,0,200000,200000,180000,,,6,9,0,0,4,3,VIEW_SUMMARY,678,292,,1420,
1204,2025-09-23T14:14:38,130000,75000,0,20000,0,0,15000,0,0,0,0,31500,0,0,0,0,0,0,0,11,7,200000,200000,180000,0,0,200000,160000,,,6,9,0,0,0,0,VIEW_SUMMARY,678,294,1420,1420,
1231,2025-09-23T14:14:38,130000,75000,0,20000,0,0,15000,0,0,8000,4000,39500,0,0,0,0,3,1,0,7,7,200000,200000,160000,0,0,200000,140000,,,6,9,-2,-1,0,0,VIEW_SUMMARY,678,298,1420,1420,
1273,2025-09-23T14:14:38,130000,75000,0,20000,0,0,30000,0,0,0,0,44500,0,0,0,0,0,0,0,7,7,200000,200000,140000,0,0,200000,120000,,,6,9,-2,-1,0,0,VIEW_SUMMARY,678,305,1420,1420,
1178,2025-09-23T14:25:49,190000,115000,0,0,0,0,0,0,0,0,0,80000,0,0,0,0,0,0,0,5,8,300000,0,0,0,0,0,0,,,0,0,0,0,0,0,LOGIN,679,288,,,
1189,2025-09-23T14:25:49,190000,115000,0,30000,0,0,20000,33000,38000,0,0,34000,0,0,3,4,0,0,0,12,8,300000,0,0,0,300000,300000,270000,,,4,9,0,0,4,3,VIEW_SUMMARY,679,292,,1423,
1202,2025-09-23T14:25:49,190000,115000,0,30000,0,0,20000,0,0,0,4000,55000,0,0,0,0,0,1,0,11,8,300000,300000,270000,0,0,300000,240000,,,4,9,0,0,0,0,VIEW_SUMMARY,679,294,1423,1423,
1228,2025-09-23T14:25:49,190000,115000,0,30000,0,0,20000,0,0,8000,4000,68000,0,0,0,0,3,1,0,7,8,300000,300000,240000,0,0,300000,210000,,,4,9,-2,-1,0,0,VIEW_SUMMARY,679,298,1423,1423,
1269,2025-09-23T14:25:49,190000,115000,0,30000,140000,125000,30000,15000,0,0,0,83000,1,1,2,0,0,0,0,9,8,300000,300000,210000,350000,425000,300000,270000,34,,6,9,-2,-1,4,3,VIEW_SUMMARY,679,305,1423,1487,
1164,2025-09-23T14:24:57,75000,40000,0,0,0,0,0,0,0,0,0,5000,0,0,0,0,0,0,0,5,4,110000,0,0,0,0,0,0,,,0,0,0,0,0,0,LOGIN,682,286,,,
1176,2025-09-23T14:24:57,75000,40000,0,11000,0,15000,15000,0,0,8000,0,-9000,0,0,0,0,3,0,0,2,4,110000,0,0,0,125000,110000,99000,,,6,6,0,0,0,0,VIEW_SUMMARY,682,290,,1399,
1215,2025-09-23T14:24:57,75000,40000,9000,11000,0,0,15000,0,0,0,4000,-4000,0,0,0,0,0,1,1,0,4,110000,110000,99000,0,0,110000,88000,,,6,6,0,0,0,0,VIEW_SUMMARY,682,296,1399,1399,
1233,2025-09-23T14:24:57,75000,40000,4000,11000,0,0,15000,1000,3750,20000,0,-19750,0,0,0,1,6,0,1,-6,4,110000,110000,88000,0,0,110000,77000,,,6,6,-2,-1,0,1,VIEW_SUMMARY,682,299,1399,1399,
1252,2025-09-23T14:24:57,75000,40000,19750,11000,0,0,15000,0,0,16000,4000,-30750,0,0,0,0,5,1,1,-13,4,110000,110000,77000,0,0,110000,66000,,,6,6,-2,-1,0,0,VIEW_DAMAGE,682,302,1399,1399,
1167,2025-09-23T14:24:59,110000,60000,0,0,0,0,0,0,0,0,0,30000,0,0,0,0,0,0,0,5,6,170000,0,0,0,0,0,0,,,0,0,0,0,0,0,LOGIN,683,286,,,
1179,2025-09-23T14:24:59,110000,60000,0,12500,0,0,15000,8000,8000,4000,0,32500,0,-2,1,1,2,0,0,3,6,170000,0,0,0,125000,125000,112500,,,6,6,0,0,1,1,VIEW_SUMMARY,683,290,,1400,
1219,2025-09-23T14:24:59,110000,60000,0,12500,0,0,15000,10000,0,0,4000,41000,0,0,0,0,0,1,0,2,6,170000,125000,112500,0,0,125000,100000,,,6,6,0,0,1,1,VIEW_SUMMARY,683,296,1400,1400,
1238,2025-09-23T14:24:59,110000,60000,0,12500,0,0,15000,8000,6250,24000,0,25250,0,0,1,2,7,0,0,-2,6,170000,125000,100000,0,0,125000,87500,,,6,6,-2,-1,1,0,VIEW_SUMMARY,683,299,1400,1400,
1257,2025-09-23T14:24:59,110000,60000,0,12500,0,0,15000,6000,0,16000,4000,21750,0,0,1,0,5,1,0,-7,6,170000,125000,87500,0,0,125000,75000,,,6,6,-2,-1,1,0,VIEW_SUMMARY,683,302,1400,1400,
1165,2025-09-23T14:24:57,60000,30000,0,0,0,0,0,0,0,0,0,0,0,0,0,0,0,0,0,5,3,80000,0,0,0,0,0,0,,,0,0,0,0,0,0,LOGIN,684,286,,,
1173,2025-09-23T14:24:57,60000,30000,0,7000,0,0,15000,1000,1400,4000,0,1600,0,-1,0,0,2,0,0,2,3,80000,0,0,0,70000,70000,63000,,,6,6,0,0,0,1,VIEW_SUMMARY,684,290,,1402,
1213,2025-09-23T14:24:57,60000,30000,0,7000,0,0,15000,0,3500,0,4000,2100,0,0,0,2,0,1,0,3,3,80000,70000,63000,0,0,70000,56000,,,6,6,0,0,0,0,VIEW_SUMMARY,684,296,1402,1402,
1235,2025-09-23T14:24:57,60000,30000,0,7000,0,0,15000,0,1750,24000,0,-15650,0,0,0,1,7,0,0,-3,3,80000,70000,56000,0,0,70000,49000,,,6,6,-2,-1,0,0,VIEW_SUMMARY,684,299,1402,1402,
1255,2025-09-23T14:24:57,60000,30000,15650,0,0,0,15000,0,0,16000,4000,-20650,0,0,0,0,5,1,1,-10,3,80000,70000,49000,0,0,70000,49000,,,6,6,-2,-1,0,0,VIEW_SUMMARY,684,302,1402,1402,
1154,2025-09-23T14:10:15,90000,50000,0,0,0,0,0,0,0,0,0,15000,0,0,0,0,0,0,0,5,5,130000,0,0,0,0,0,0,,,0,0,0,0,0,0,LOGIN,685,286,,,
1175,2025-09-23T14:10:15,90000,50000,0,7000,0,0,15000,6000,3500,8000,0,15500,0,-3,1,2,3,0,0,2,5,130000,0,0,0,70000,70000,63000,,,6,6,0,0,1,0,VIEW_SUMMARY,685,290,,1401,
1214,2025-09-23T14:10:15,90000,50000,0,7000,0,0,15000,11000,1400,0,4000,17100,0,0,0,0,0,1,0,1,5,130000,70000,63000,0,0,70000,56000,,,6,6,0,0,1,2,VIEW_SUMMARY,685,296,1401,1401,
1236,2025-09-23T14:10:15,90000,50000,0,7000,0,0,15000,16000,1750,20000,0,-2650,0,0,2,1,6,0,0,-2,5,130000,70000,56000,0,0,70000,49000,,,6,6,-2,-1,2,1,VIEW_SUMMARY,685,299,1401,1401,
1253,2025-09-23T14:10:15,90000,50000,2650,10000,21000,0,25000,6000,0,0,4000,13350,1,-2,1,0,1,1,1,-7,5,130000,70000,49000,70000,100000,100000,90000,34,,6,9,-2,-1,1,1,VIEW_SUMMARY,685,302,1401,1458,
1158,2025-09-23T14:14:52,130000,75000,0,0,0,0,0,0,0,0,0,50000,0,0,0,0,0,0,0,5,7,200000,0,0,0,0,0,0,,,0,0,0,0,0,0,LOGIN,686,286,,,
1174,2025-09-23T14:14:52,130000,75000,0,8000,0,0,20000,14000,7600,0,0,55400,0,-5,2,3,0,0,0,5,7,200000,0,0,0,80000,80000,72000,,,4,9,0,0,2,0,VIEW_SUMMARY,686,290,,1397,
1217,2025-09-23T14:14:52,130000,75000,0,8000,0,0,20000,18000,0,0,4000,60400,0,0,1,0,0,1,0,5,7,200000,80000,72000,0,0,80000,64000,,,4,9,0,0,2,2,VIEW_SUMMARY,686,296,1397,1397,
1237,2025-09-23T14:14:52,130000,75000,0,8000,0,0,20000,1000,6500,8000,4000,67900,0,0,0,1,3,1,0,2,7,200000,80000,64000,0,0,80000,56000,,,4,9,-2,-1,0,1,VIEW_SUMMARY,686,299,1397,1397,
1256,2025-09-23T14:14:52,130000,75000,0,0,0,0,20000,0,0,4000,4000,94900,0,0,0,0,2,1,0,-1,7,200000,80000,56000,0,0,80000,56000,,,4,9,-2,-1,0,0,VIEW_SUMMARY,686,302,1397,1397,
1177,2025-09-23T14:25:48,190000,115000,0,0,0,0,0,0,0,0,0,80000,0,0,0,0,0,0,0,5,8,300000,0,0,0,0,0,0,,,0,0,0,0,0,0,LOGIN,687,286,,,
1180,2025-09-23T14:25:48,190000,115000,0,20000,0,0,20000,33000,14000,0,0,68000,0,-2,3,2,0,0,0,8,8,300000,0,0,0,200000,200000,180000,,,6,9,0,0,4,3,VIEW_SUMMARY,687,290,,1389,
1218,2025-09-23T14:25:48,190000,115000,0,20000,0,0,20000,0,14500,0,4000,84500,0,0,0,2,0,1,0,9,8,300000,200000,180000,0,0,200000,160000,,,6,9,0,0,0,0,VIEW_SUMMARY,687,296,1389,1389,
1234,2025-09-23T14:25:48,190000,115000,0,20000,0,0,20000,0,0,12000,0,107500,0,0,0,0,4,0,0,5,8,300000,200000,160000,0,0,200000,140000,,,6,9,-2,-1,0,0,VIEW_SUMMARY,687,299,1389,1389,
1254,2025-09-23T14:25:48,190000,115000,0,20000,0,0,25000,0,0,4000,4000,129500,0,0,0,0,2,1,0,2,8,300000,200000,140000,0,0,200000,120000,,,6,9,-2,-1,0,0,SURVEY_COMPLETED,687,302,1389,1389,
1168,2025-09-23T14:25,75000,40000,0,0,0,0,0,0,0,0,0,5000,0,0,0,0,0,0,0,5,4,110000,0,0,0,0,0,0,,,0,0,0,0,0,0,LOGIN,690,287,,,
1200,2025-09-23T14:25,75000,40000,0,10000,0,0,15000,6000,0,0,4000,5000,0,-1,1,0,0,1,0,4,4,110000,0,0,0,100000,100000,90000,,,6,9,0,0,1,0,VIEW_SUMMARY,690,293,,1436,
1216,2025-09-23T14:25,75000,40000,0,10000,0,0,15000,0,7000,0,0,8000,0,0,0,2,0,0,0,6,4,110000,100000,90000,0,0,100000,80000,,,6,9,0,0,0,0,VIEW_SUMMARY,690,295,1436,1436,
1244,2025-09-23T14:25,75000,40000,0,10000,0,0,15000,10000,0,0,0,8000,0,0,0,0,0,0,0,6,4,110000,100000,80000,0,0,100000,70000,,,6,9,-2,-1,1,1,VIEW_SUMMARY,690,300,1436,1436,
1263,2025-09-23T14:25,75000,40000,0,10000,0,0,30000,0,0,0,0,3000,0,0,0,0,0,0,0,6,4,110000,100000,70000,0,0,100000,60000,,,6,9,-2,-1,0,0,VIEW_SUMMARY,690,303,1436,1436,
1194,2025-09-23T14:28:39,110000,60000,0,0,0,0,0,0,0,0,0,30000,0,0,0,0,0,0,0,5,6,170000,0,0,0,0,0,0,,,0,0,0,0,0,0,LOGIN,691,287,,,
1199,2025-09-23T14:28:39,110000,60000,0,17000,0,30000,15000,8000,0,0,4000,6000,0,0,1,0,0,1,0,5,6,170000,0,0,0,200000,170000,153000,,,6,9,0,0,1,1,VIEW_SUMMARY,691,293,,1435,
1212,2025-09-23T14:28:39,110000,60000,0,17000,0,0,15000,14000,0,0,0,10000,0,0,2,0,0,0,0,7,6,170000,170000,153000,0,0,170000,136000,,,6,9,0,0,2,0,VIEW_SUMMARY,691,295,1435,1435,
1241,2025-09-23T14:28:39,110000,60000,0,17000,0,0,15000,11000,4000,0,0,13000,0,0,0,0,0,0,0,7,6,170000,170000,136000,0,0,170000,119000,,,6,9,-2,-1,1,2,VIEW_SUMMARY,691,300,1435,1435,
1259,2025-09-23T14:28:39,110000,60000,0,17000,0,0,30000,0,5000,0,0,11000,0,0,0,1,0,0,0,8,6,170000,170000,119000,0,0,170000,102000,,,6,9,-2,-1,0,0,VIEW_SUMMARY,691,303,1435,1435,
1170,2025-09-23T14:25:10,90000,50000,0,0,0,0,0,0,0,0,0,15000,0,0,0,0,0,0,0,5,5,130000,0,0,0,0,0,0,,,0,0,0,0,0,0,LOGIN,693,287,,,
1198,2025-09-23T14:25:10,90000,50000,0,7000,0,0,20000,9000,1400,0,4000,13600,0,-3,1,0,1,1,0,1,5,130000,0,0,0,70000,70000,63000,,,6,6,0,0,1,1,VIEW_SUMMARY,693,293,,1447,
1210,2025-09-23T14:25:10,90000,50000,0,7000,0,0,20000,0,5250,8000,0,13350,0,0,0,3,3,0,0,1,5,130000,70000,63000,0,0,70000,56000,,,6,6,0,0,0,0,VIEW_SUMMARY,693,295,1447,1447,
1239,2025-09-23T14:25:10,90000,50000,0,7000,0,0,20000,8000,0,8000,0,10350,0,0,1,0,3,0,0,-1,5,130000,70000,56000,0,0,70000,49000,,,6,6,-2,-1,1,1,VIEW_SUMMARY,693,300,1447,1447,
1258,2025-09-23T14:25:10,90000,50000,0,10000,21000,0,30000,6000,4500,0,0,20850,1,-2,1,1,0,0,0,-2,5,130000,70000,49000,70000,100000,100000,90000,34,,6,9,-2,-1,1,1,VIEW_SUMMARY,693,303,1447,1468,
1172,2025-09-23T14:25:25,130000,75000,0,0,0,0,0,0,0,0,0,50000,0,0,0,0,0,0,0,5,7,200000,0,0,0,0,0,0,,,0,0,0,0,0,0,LOGIN,694,287,,,
1197,2025-09-23T14:25:25,130000,75000,0,20000,0,0,20000,16000,4000,0,0,45000,0,-1,2,0,1,0,0,5,7,200000,0,0,0,200000,200000,180000,,,6,6,0,0,2,1,VIEW_SUMMARY,694,293,,1443,
1211,2025-09-23T14:25:25,130000,75000,0,20000,0,0,20000,1000,10000,4000,0,45000,0,0,0,2,2,0,0,5,7,200000,200000,180000,0,0,200000,160000,,,6,6,0,0,0,1,VIEW_SUMMARY,694,295,1443,1443,
1243,2025-09-23T14:25:25,130000,75000,0,20000,0,0,20000,10000,11500,8000,0,30500,0,0,0,2,3,0,0,4,7,200000,200000,160000,0,0,200000,140000,,,6,6,-2,-1,1,1,VIEW_SUMMARY,694,300,1443,1443,
1260,2025-09-23T14:25:25,130000,75000,0,0,60000,0,30000,23000,0,0,0,92500,1,0,3,0,0,0,0,6,7,200000,200000,140000,200000,0,0,0,34,,6,9,-2,-1,4,3,VIEW_SUMMARY,694,303,1443,1466,
1166,2025-09-23T14:24:58,190000,115000,0,0,0,0,0,0,0,0,0,80000,0,0,0,0,0,0,0,5,8,300000,0,0,0,0,0,0,,,0,0,0,0,0,0,LOGIN,695,287,,,
1195,2025-09-23T14:24:58,190000,115000,0,20000,0,0,15000,14000,19500,0,0,86500,0,-2,2,3,0,0,0,8,8,300000,0,0,0,200000,200000,180000,,,6,9,0,0,2,0,VIEW_SUMMARY,695,293,,1434,
1209,2025-09-23T14:24:58,190000,115000,0,20000,0,0,15000,0,5000,0,0,121500,0,0,0,1,0,0,0,9,8,300000,200000,180000,0,0,200000,160000,,,6,9,0,0,0,0,VIEW_SUMMARY,695,295,1434,1434,
1242,2025-09-23T14:24:58,190000,115000,0,20000,0,0,15000,8000,4000,0,0,149500,0,0,1,0,0,0,0,10,8,300000,200000,160000,0,0,200000,140000,,,6,9,-2,-1,1,1,VIEW_SUMMARY,695,300,1434,1434,
1261,2025-09-23T14:24:58,190000,115000,0,30000,110000,125000,30000,15000,0,0,0,134500,3,1,2,0,0,0,0,10,8,300000,200000,140000,250000,425000,300000,270000,33,,6,9,-2,-1,4,3,VIEW_SUMMARY,695,303,1434,1467,
1169,2025-09-23T14:25:04,110000,60000,0,0,0,0,0,0,0,0,0,30000,0,0,0,0,0,0,0,5,6,170000,0,0,0,0,0,0,,,0,0,0,0,0,0,LOGIN,696,287,,,
1196,2025-09-23T14:25:04,110000,60000,0,16000,0,0,20000,23000,0,0,4000,17000,0,-1,3,0,0,1,0,6,6,170000,0,0,0,160000,160000,144000,,,4,9,0,0,3,2,VIEW_SUMMARY,696,293,,1440,
1208,2025-09-23T14:25:04,110000,60000,0,0,0,0,20000,10000,4000,0,0,33000,0,0,0,1,0,0,0,7,6,170000,160000,144000,0,0,160000,144000,,,4,9,0,0,1,1,VIEW_SUMMARY,696,295,1440,1440,
1240,2025-09-23T14:25:04,110000,60000,0,16000,0,0,20000,0,16700,0,0,30300,0,0,0,3,0,0,0,10,6,170000,160000,144000,0,0,160000,128000,,,4,9,-2,-1,0,0,VIEW_SUMMARY,696,300,1440,1440,
1262,2025-09-23T14:25:04,110000,60000,0,16000,0,0,20000,0,0,0,0,44300,0,0,0,0,0,0,0,10,6,170000,160000,128000,0,0,160000,112000,,,4,9,-2,-1,0,0,VIEW_SUMMARY,696,303,1440,1440,
