id,playerround_id,timestamp,player_state,content
6260,1321,2025-10-07T11:30:49,LOGIN,Round=0
6333,1365,2025-10-07T14:22:21,READ_BUDGET,
6345,1365,2025-10-07T14:25:09,READ_NEWS,
6346,1365,2025-10-07T14:25:11,VIEW_BUY_HOUSE,
6398,1365,2025-10-07T14:29:24,BUY_HOUSE_WAIT,
6420,1365,2025-10-07T14:31:35,BOUGHT_HOUSE,"Transaction=APPROVED_BUY
House=N07"
6425,1365,2025-10-07T14:31:38,VIEW_TAXES,
6438,1365,2025-10-07T14:32:29,VIEW_IMPROVEMENTS,
6480,1365,2025-10-07T14:36:06,ANSWER_SURVEY,
6505,1365,2025-10-07T14:38:26,SURVEY_COMPLETED,
6540,1365,2025-10-07T14:41:11,VIEW_DAMAGE,
6564,1365,2025-10-07T14:41:57,VIEW_SUMMARY,
6600,1382,2025-10-07T14:43:30,READ_BUDGET,
6605,1382,2025-10-07T14:43:36,READ_NEWS,
6640,1382,2025-10-07T14:44:36,VIEW_SELL_HOUSE,
6645,1382,2025-10-07T14:44:40,STAY_HOUSE_WAIT,
6672,1382,2025-10-07T14:45:23,STAYED_HOUSE,
6678,1382,2025-10-07T14:45:32,VIEW_TAXES,
6679,1382,2025-10-07T14:45:42,VIEW_IMPROVEMENTS,
6737,1382,2025-10-07T14:48:22,ANSWER_SURVEY,
6746,1382,2025-10-07T14:48:39,SURVEY_COMPLETED,
6785,1382,2025-10-07T14:50:03,VIEW_DAMAGE,
6792,1382,2025-10-07T14:50:25,VIEW_SUMMARY,
6832,1407,2025-10-07T14:51:13,READ_BUDGET,
6836,1407,2025-10-07T14:51:19,READ_NEWS,
6857,1407,2025-10-07T14:52:05,VIEW_SELL_HOUSE,
6862,1407,2025-10-07T14:52:10,STAY_HOUSE_WAIT,
6880,1407,2025-10-07T14:52:22,STAYED_HOUSE,
6889,1407,2025-10-07T14:52:32,VIEW_TAXES,
6924,1407,2025-10-07T14:53:10,VIEW_IMPROVEMENTS,
6960,1407,2025-10-07T14:54:59,ANSWER_SURVEY,
6975,1407,2025-10-07T14:55:34,SURVEY_COMPLETED,
7008,1407,2025-10-07T14:56:52,VIEW_DAMAGE,
7017,1407,2025-10-07T14:57:13,VIEW_SUMMARY,
7059,1428,2025-10-07T14:58:24,READ_BUDGET,
7068,1428,2025-10-07T14:58:30,READ_NEWS,
7105,1428,2025-10-07T14:59:39,VIEW_SELL_HOUSE,
7126,1428,2025-10-07T15:00:26,STAY_HOUSE_WAIT,
7191,1428,2025-10-07T15:03:13,STAYED_HOUSE,
7216,1428,2025-10-07T15:05:27,VIEW_TAXES,
7223,1428,2025-10-07T15:05:35,VIEW_IMPROVEMENTS,
7248,1428,2025-10-07T15:06:17,ANSWER_SURVEY,
7259,1428,2025-10-07T15:06:40,SURVEY_COMPLETED,
7284,1428,2025-10-07T15:08:40,VIEW_DAMAGE,
7298,1428,2025-10-07T15:09:11,VIEW_SUMMARY,
6306,1358,2025-10-07T14:20:02,LOGIN,Round=0
6334,1366,2025-10-07T14:22:23,READ_BUDGET,
6347,1366,2025-10-07T14:25:13,READ_NEWS,
6348,1366,2025-10-07T14:25:17,VIEW_BUY_HOUSE,
6401,1366,2025-10-07T14:29:26,BUY_HOUSE_WAIT,
6418,1366,2025-10-07T14:31:33,BOUGHT_HOUSE,"Transaction=APPROVED_BUY
House=N04"
6428,1366,2025-10-07T14:31:42,VIEW_TAXES,
6439,1366,2025-10-07T14:32:30,VIEW_IMPROVEMENTS,
6467,1366,2025-10-07T14:35:04,ANSWER_SURVEY,
6498,1366,2025-10-07T14:37:58,SURVEY_COMPLETED,
6544,1366,2025-10-07T14:41:13,VIEW_DAMAGE,
6569,1366,2025-10-07T14:42:06,VIEW_SUMMARY,
6599,1381,2025-10-07T14:43:27,READ_BUDGET,
6628,1381,2025-10-07T14:44:06,READ_NEWS,
6638,1381,2025-10-07T14:44:30,VIEW_SELL_HOUSE,
6655,1381,2025-10-07T14:44:58,STAY_HOUSE_WAIT,
6658,1381,2025-10-07T14:45:06,STAYED_HOUSE,
6661,1381,2025-10-07T14:45:08,VIEW_TAXES,
6677,1381,2025-10-07T14:45:30,VIEW_IMPROVEMENTS,
6720,1381,2025-10-07T14:47:53,ANSWER_SURVEY,
6747,1381,2025-10-07T14:48:43,SURVEY_COMPLETED,
6784,1381,2025-10-07T14:50:02,VIEW_DAMAGE,
6790,1381,2025-10-07T14:50:16,VIEW_SUMMARY,
6831,1406,2025-10-07T14:51:13,READ_BUDGET,
6838,1406,2025-10-07T14:51:19,READ_NEWS,
6858,1406,2025-10-07T14:52:08,VIEW_SELL_HOUSE,
6869,1406,2025-10-07T14:52:15,STAY_HOUSE_WAIT,
6895,1406,2025-10-07T14:52:37,STAYED_HOUSE,
6897,1406,2025-10-07T14:52:39,VIEW_TAXES,
6925,1406,2025-10-07T14:53:12,VIEW_IMPROVEMENTS,
6978,1406,2025-10-07T14:55:38,ANSWER_SURVEY,
6983,1406,2025-10-07T14:55:52,SURVEY_COMPLETED,
7009,1406,2025-10-07T14:56:53,VIEW_DAMAGE,
7051,1406,2025-10-07T14:58:06,VIEW_SUMMARY,
7061,1429,2025-10-07T14:58:26,READ_BUDGET,
7080,1429,2025-10-07T14:58:38,READ_NEWS,
7109,1429,2025-10-07T14:59:46,VIEW_SELL_HOUSE,
7163,1429,2025-10-07T15:01:55,STAY_HOUSE_WAIT,
7196,1429,2025-10-07T15:03:31,STAYED_HOUSE,
7217,1429,2025-10-07T15:05:28,VIEW_TAXES,
7225,1429,2025-10-07T15:05:35,VIEW_IMPROVEMENTS,
7241,1429,2025-10-07T15:06:06,ANSWER_SURVEY,
7250,1429,2025-10-07T15:06:21,SURVEY_COMPLETED,
7281,1429,2025-10-07T15:08:38,VIEW_DAMAGE,
7288,1429,2025-10-07T15:08:50,VIEW_SUMMARY,
6313,1362,2025-10-07T14:21:17,LOGIN,Round=0
6336,1368,2025-10-07T14:23:03,READ_BUDGET,
6339,1368,2025-10-07T14:24:37,READ_NEWS,
6349,1368,2025-10-07T14:25:27,VIEW_BUY_HOUSE,
6399,1368,2025-10-07T14:29:24,BUY_HOUSE_WAIT,
6405,1368,2025-10-07T14:30:03,BOUGHT_HOUSE,"Transaction=APPROVED_BUY
House=U09"
6424,1368,2025-10-07T14:31:38,VIEW_TAXES,
6443,1368,2025-10-07T14:32:31,VIEW_IMPROVEMENTS,
6477,1368,2025-10-07T14:35:55,ANSWER_SURVEY,
6495,1368,2025-10-07T14:37:04,SURVEY_COMPLETED,
6543,1368,2025-10-07T14:41:12,VIEW_DAMAGE,
6579,1368,2025-10-07T14:42:29,VIEW_SUMMARY,
6601,1383,2025-10-07T14:43:30,READ_BUDGET,
6606,1383,2025-10-07T14:43:36,READ_NEWS,
6626,1383,2025-10-07T14:44:04,VIEW_SELL_HOUSE,
6648,1383,2025-10-07T14:44:43,STAY_HOUSE_WAIT,
6667,1383,2025-10-07T14:45:16,STAYED_HOUSE,
6670,1383,2025-10-07T14:45:22,VIEW_TAXES,
6699,1383,2025-10-07T14:46:27,VIEW_IMPROVEMENTS,
6701,1383,2025-10-07T14:46:40,ANSWER_SURVEY,
6741,1383,2025-10-07T14:48:28,SURVEY_COMPLETED,
6789,1383,2025-10-07T14:50:13,VIEW_DAMAGE,
6807,1383,2025-10-07T14:50:38,VIEW_SUMMARY,
6830,1405,2025-10-07T14:51:13,READ_BUDGET,
6835,1405,2025-10-07T14:51:19,READ_NEWS,
6861,1405,2025-10-07T14:52:09,VIEW_SELL_HOUSE,
6871,1405,2025-10-07T14:52:15,STAY_HOUSE_WAIT,
6885,1405,2025-10-07T14:52:27,STAYED_HOUSE,
6904,1405,2025-10-07T14:52:55,VIEW_TAXES,
6919,1405,2025-10-07T14:53:08,VIEW_IMPROVEMENTS,
6933,1405,2025-10-07T14:53:32,ANSWER_SURVEY,
6974,1405,2025-10-07T14:55:28,SURVEY_COMPLETED,
7005,1405,2025-10-07T14:56:48,VIEW_DAMAGE,
7019,1405,2025-10-07T14:57:29,VIEW_SUMMARY,
7071,1432,2025-10-07T14:58:31,READ_BUDGET,
7092,1432,2025-10-07T14:58:59,READ_NEWS,
7111,1432,2025-10-07T14:59:51,VIEW_SELL_HOUSE,
7140,1432,2025-10-07T15:00:58,SELL_HOUSE_WAIT,
7186,1432,2025-10-07T15:03:08,VIEW_BUY_HOUSE,Transaction=APPROVED_SELL
7198,1432,2025-10-07T15:03:46,BUY_HOUSE_WAIT,
7200,1432,2025-10-07T15:03:59,BOUGHT_HOUSE,"Transaction=APPROVED_BUY
House=U08"
7219,1432,2025-10-07T15:05:28,VIEW_TAXES,
7228,1432,2025-10-07T15:05:38,VIEW_IMPROVEMENTS,
7245,1432,2025-10-07T15:06:12,ANSWER_SURVEY,
7268,1432,2025-10-07T15:07:21,SURVEY_COMPLETED,
7289,1432,2025-10-07T15:08:53,VIEW_DAMAGE,
7296,1432,2025-10-07T15:09:04,VIEW_SUMMARY,
6309,1360,2025-10-07T14:20:34,LOGIN,Round=0
6331,1363,2025-10-07T14:22:06,READ_BUDGET,
6343,1363,2025-10-07T14:25:02,READ_NEWS,
6344,1363,2025-10-07T14:25:05,VIEW_BUY_HOUSE,
6402,1363,2025-10-07T14:29:26,BUY_HOUSE_WAIT,
6414,1363,2025-10-07T14:30:42,BOUGHT_HOUSE,"Transaction=APPROVED_BUY
House=D10"
6419,1363,2025-10-07T14:31:33,VIEW_TAXES,
6441,1363,2025-10-07T14:32:30,VIEW_IMPROVEMENTS,
6497,1363,2025-10-07T14:37:36,ANSWER_SURVEY,
6507,1363,2025-10-07T14:38:37,SURVEY_COMPLETED,
6541,1363,2025-10-07T14:41:12,VIEW_DAMAGE,
6565,1363,2025-10-07T14:41:58,VIEW_SUMMARY,
6603,1385,2025-10-07T14:43:32,READ_BUDGET,
6614,1385,2025-10-07T14:43:42,READ_NEWS,
6627,1385,2025-10-07T14:44:04,VIEW_SELL_HOUSE,
6637,1385,2025-10-07T14:44:26,STAY_HOUSE_WAIT,
6659,1385,2025-10-07T14:45:06,STAYED_HOUSE,
6665,1385,2025-10-07T14:45:12,VIEW_TAXES,
6676,1385,2025-10-07T14:45:29,VIEW_IMPROVEMENTS,
6712,1385,2025-10-07T14:47:22,ANSWER_SURVEY,
6743,1385,2025-10-07T14:48:30,SURVEY_COMPLETED,
6786,1385,2025-10-07T14:50:04,VIEW_DAMAGE,
6791,1385,2025-10-07T14:50:24,VIEW_SUMMARY,
6851,1409,2025-10-07T14:51:38,READ_BUDGET,
6852,1409,2025-10-07T14:51:44,READ_NEWS,
6860,1409,2025-10-07T14:52:08,VIEW_SELL_HOUSE,
6864,1409,2025-10-07T14:52:12,STAY_HOUSE_WAIT,
6886,1409,2025-10-07T14:52:29,STAYED_HOUSE,
6887,1409,2025-10-07T14:52:31,VIEW_TAXES,
6920,1409,2025-10-07T14:53:09,VIEW_IMPROVEMENTS,
6979,1409,2025-10-07T14:55:39,ANSWER_SURVEY,
6993,1409,2025-10-07T14:56:04,SURVEY_COMPLETED,
7006,1409,2025-10-07T14:56:50,VIEW_DAMAGE,
7026,1409,2025-10-07T14:57:35,VIEW_SUMMARY,
7062,1430,2025-10-07T14:58:26,READ_BUDGET,
7065,1430,2025-10-07T14:58:28,READ_NEWS,
7108,1430,2025-10-07T14:59:44,VIEW_SELL_HOUSE,
7142,1430,2025-10-07T15:01,STAY_HOUSE_WAIT,
7197,1430,2025-10-07T15:03:34,STAYED_HOUSE,
7214,1430,2025-10-07T15:05:24,VIEW_TAXES,
7227,1430,2025-10-07T15:05:37,VIEW_IMPROVEMENTS,
7247,1430,2025-10-07T15:06:14,ANSWER_SURVEY,
7260,1430,2025-10-07T15:06:44,SURVEY_COMPLETED,
7283,1430,2025-10-07T15:08:39,VIEW_DAMAGE,
7290,1430,2025-10-07T15:08:57,VIEW_SUMMARY,
6310,1361,2025-10-07T14:20:53,LOGIN,Round=0
6332,1364,2025-10-07T14:22:21,READ_BUDGET,
6338,1364,2025-10-07T14:24:35,READ_NEWS,
6340,1364,2025-10-07T14:24:49,VIEW_BUY_HOUSE,
6400,1364,2025-10-07T14:29:25,BUY_HOUSE_WAIT,
6413,1364,2025-10-07T14:30:32,BOUGHT_HOUSE,"Transaction=APPROVED_BUY
House=U05"
6422,1364,2025-10-07T14:31:37,VIEW_TAXES,
6434,1364,2025-10-07T14:32:25,VIEW_IMPROVEMENTS,
6458,1364,2025-10-07T14:34:45,ANSWER_SURVEY,
6496,1364,2025-10-07T14:37:15,SURVEY_COMPLETED,
6546,1364,2025-10-07T14:41:18,VIEW_DAMAGE,
6566,1364,2025-10-07T14:42,VIEW_SUMMARY,
6602,1384,2025-10-07T14:43:31,READ_BUDGET,
6609,1384,2025-10-07T14:43:38,READ_NEWS,
6631,1384,2025-10-07T14:44:10,VIEW_SELL_HOUSE,
6646,1384,2025-10-07T14:44:41,STAY_HOUSE_WAIT,
6652,1384,2025-10-07T14:44:54,STAYED_HOUSE,
6664,1384,2025-10-07T14:45:11,VIEW_TAXES,
6675,1384,2025-10-07T14:45:29,VIEW_IMPROVEMENTS,
6713,1384,2025-10-07T14:47:24,ANSWER_SURVEY,
6738,1384,2025-10-07T14:48:27,SURVEY_COMPLETED,
6783,1384,2025-10-07T14:50:02,VIEW_DAMAGE,
6820,1384,2025-10-07T14:51:02,VIEW_SUMMARY,
6847,1408,2025-10-07T14:51:30,READ_BUDGET,
6850,1408,2025-10-07T14:51:38,READ_NEWS,
6859,1408,2025-10-07T14:52:08,VIEW_SELL_HOUSE,
6876,1408,2025-10-07T14:52:17,STAY_HOUSE_WAIT,
6892,1408,2025-10-07T14:52:34,STAYED_HOUSE,
6901,1408,2025-10-07T14:52:47,VIEW_TAXES,
6921,1408,2025-10-07T14:53:09,VIEW_IMPROVEMENTS,
6956,1408,2025-10-07T14:54:35,ANSWER_SURVEY,
6963,1408,2025-10-07T14:55:02,SURVEY_COMPLETED,
7007,1408,2025-10-07T14:56:51,VIEW_DAMAGE,
7020,1408,2025-10-07T14:57:29,VIEW_SUMMARY,
7064,1431,2025-10-07T14:58:28,READ_BUDGET,
7088,1431,2025-10-07T14:58:49,READ_NEWS,
7107,1431,2025-10-07T14:59:42,VIEW_SELL_HOUSE,
7143,1431,2025-10-07T15:01:01,STAY_HOUSE_WAIT,
7193,1431,2025-10-07T15:03:21,STAYED_HOUSE,
7215,1431,2025-10-07T15:05:26,VIEW_TAXES,
7221,1431,2025-10-07T15:05:33,VIEW_IMPROVEMENTS,
7246,1431,2025-10-07T15:06:13,ANSWER_SURVEY,
7258,1431,2025-10-07T15:06:40,SURVEY_COMPLETED,
7282,1431,2025-10-07T15:08:39,VIEW_DAMAGE,
7297,1431,2025-10-07T15:09:04,VIEW_SUMMARY,
6307,1359,2025-10-07T14:20:17,LOGIN,Round=0
6335,1367,2025-10-07T14:22:31,READ_BUDGET,
6341,1367,2025-10-07T14:24:55,READ_NEWS,
6342,1367,2025-10-07T14:24:59,VIEW_BUY_HOUSE,
6404,1367,2025-10-07T14:29:51,BUY_HOUSE_WAIT,
6421,1367,2025-10-07T14:31:35,BOUGHT_HOUSE,"Transaction=APPROVED_BUY
House=N05"
6426,1367,2025-10-07T14:31:39,VIEW_TAXES,
6446,1367,2025-10-07T14:32:39,VIEW_IMPROVEMENTS,
6488,1367,2025-10-07T14:36:35,ANSWER_SURVEY,
6533,1367,2025-10-07T14:40:45,SURVEY_COMPLETED,
6542,1367,2025-10-07T14:41:12,VIEW_DAMAGE,
6567,1367,2025-10-07T14:42:04,VIEW_SUMMARY,
6604,1386,2025-10-07T14:43:33,READ_BUDGET,
6617,1386,2025-10-07T14:43:45,READ_NEWS,
6625,1386,2025-10-07T14:44:03,VIEW_SELL_HOUSE,
6649,1386,2025-10-07T14:44:44,STAY_HOUSE_WAIT,
6653,1386,2025-10-07T14:44:57,STAYED_HOUSE,
6656,1386,2025-10-07T14:45:03,VIEW_TAXES,
6673,1386,2025-10-07T14:45:26,VIEW_IMPROVEMENTS,
6723,1386,2025-10-07T14:48:03,ANSWER_SURVEY,
6778,1386,2025-10-07T14:49:53,SURVEY_COMPLETED,
6787,1386,2025-10-07T14:50:05,VIEW_DAMAGE,
6801,1386,2025-10-07T14:50:31,VIEW_SUMMARY,
6866,1410,2025-10-07T14:52:13,READ_BUDGET,
6875,1410,2025-10-07T14:52:17,READ_NEWS,
6881,1410,2025-10-07T14:52:23,VIEW_SELL_HOUSE,
6883,1410,2025-10-07T14:52:26,STAY_HOUSE_WAIT,
6918,1410,2025-10-07T14:53:08,STAYED_HOUSE,
6927,1410,2025-10-07T14:53:13,VIEW_TAXES,
6930,1410,2025-10-07T14:53:16,VIEW_IMPROVEMENTS,
6939,1410,2025-10-07T14:53:52,ANSWER_SURVEY,
6970,1410,2025-10-07T14:55:17,SURVEY_COMPLETED,
7012,1410,2025-10-07T14:56:59,VIEW_DAMAGE,
7056,1410,2025-10-07T14:58:10,VIEW_SUMMARY,
7072,1433,2025-10-07T14:58:34,READ_BUDGET,
7076,1433,2025-10-07T14:58:37,READ_NEWS,
7106,1433,2025-10-07T14:59:40,VIEW_SELL_HOUSE,
7165,1433,2025-10-07T15:02:11,SELL_HOUSE_WAIT,
7199,1433,2025-10-07T15:03:50,VIEW_BUY_HOUSE,Transaction=APPROVED_SELL
7201,1433,2025-10-07T15:04:02,BUY_HOUSE_WAIT,
7211,1433,2025-10-07T15:05:16,BOUGHT_HOUSE,"Transaction=APPROVED_BUY
House=N03"
7218,1433,2025-10-07T15:05:28,VIEW_TAXES,
7224,1433,2025-10-07T15:05:35,VIEW_IMPROVEMENTS,
7249,1433,2025-10-07T15:06:19,ANSWER_SURVEY,
7280,1433,2025-10-07T15:08:32,SURVEY_COMPLETED,
7285,1433,2025-10-07T15:08:41,VIEW_DAMAGE,
6262,1323,2025-10-07T13:53:02,LOGIN,Round=0
6299,1352,2025-10-07T14:19:34,READ_BUDGET,
6325,1352,2025-10-07T14:21:44,READ_NEWS,
6358,1352,2025-10-07T14:26:05,VIEW_BUY_HOUSE,
6423,1352,2025-10-07T14:31:37,BUY_HOUSE_WAIT,
6442,1352,2025-10-07T14:32:30,BOUGHT_HOUSE,"Transaction=APPROVED_BUY
House=D10"
6465,1352,2025-10-07T14:35:04,VIEW_TAXES,
6474,1352,2025-10-07T14:35:35,VIEW_IMPROVEMENTS,
6494,1352,2025-10-07T14:37,ANSWER_SURVEY,
6548,1352,2025-10-07T14:41:28,SURVEY_COMPLETED,
6651,1352,2025-10-07T14:44:50,VIEW_DAMAGE,
6686,1352,2025-10-07T14:45:54,VIEW_SUMMARY,
6692,1392,2025-10-07T14:46:01,READ_BUDGET,
6703,1392,2025-10-07T14:46:52,READ_NEWS,
6733,1392,2025-10-07T14:48:17,VIEW_SELL_HOUSE,
6745,1392,2025-10-07T14:48:34,STAY_HOUSE_WAIT,
6770,1392,2025-10-07T14:49:43,STAYED_HOUSE,
6779,1392,2025-10-07T14:49:58,VIEW_TAXES,
6788,1392,2025-10-07T14:50:06,VIEW_IMPROVEMENTS,
6856,1392,2025-10-07T14:52:04,ANSWER_SURVEY,
6909,1392,2025-10-07T14:53,SURVEY_COMPLETED,
6944,1392,2025-10-07T14:54:14,VIEW_DAMAGE,
7003,1392,2025-10-07T14:56:42,VIEW_SUMMARY,
7016,1420,2025-10-07T14:57:09,READ_BUDGET,
7033,1420,2025-10-07T14:57:44,READ_NEWS,
7039,1420,2025-10-07T14:57:52,VIEW_SELL_HOUSE,
7044,1420,2025-10-07T14:57:55,STAY_HOUSE_WAIT,
7063,1420,2025-10-07T14:58:28,STAYED_HOUSE,
7077,1420,2025-10-07T14:58:37,VIEW_TAXES,
7089,1420,2025-10-07T14:58:50,VIEW_IMPROVEMENTS,
7147,1420,2025-10-07T15:01:07,ANSWER_SURVEY,
7162,1420,2025-10-07T15:01:54,SURVEY_COMPLETED,
7176,1420,2025-10-07T15:02:41,VIEW_DAMAGE,
7189,1420,2025-10-07T15:03:10,VIEW_SUMMARY,
7222,1440,2025-10-07T15:05:33,READ_BUDGET,
7232,1440,2025-10-07T15:05:52,READ_NEWS,
7243,1440,2025-10-07T15:06:09,VIEW_SELL_HOUSE,
7244,1440,2025-10-07T15:06:12,STAY_HOUSE_WAIT,
7294,1440,2025-10-07T15:08:59,STAYED_HOUSE,
7312,1440,2025-10-07T15:09:58,VIEW_TAXES,
7315,1440,2025-10-07T15:10:04,VIEW_IMPROVEMENTS,
7328,1440,2025-10-07T15:11:27,ANSWER_SURVEY,
7335,1440,2025-10-07T15:12:17,SURVEY_COMPLETED,
7341,1440,2025-10-07T15:13:11,VIEW_DAMAGE,
7346,1440,2025-10-07T15:13:19,VIEW_SUMMARY,
6272,1333,2025-10-07T13:58:56,LOGIN,Round=0
6302,1355,2025-10-07T14:19:37,READ_BUDGET,
6327,1355,2025-10-07T14:21:47,READ_NEWS,
6361,1355,2025-10-07T14:26:21,VIEW_BUY_HOUSE,
6416,1355,2025-10-07T14:31:30,BUY_HOUSE_WAIT,
6431,1355,2025-10-07T14:32:17,BOUGHT_HOUSE,"Transaction=APPROVED_BUY
House=N04"
6466,1355,2025-10-07T14:35:04,VIEW_TAXES,
6476,1355,2025-10-07T14:35:54,VIEW_IMPROVEMENTS,
6568,1355,2025-10-07T14:42:04,ANSWER_SURVEY,
6607,1355,2025-10-07T14:43:37,SURVEY_COMPLETED,
6639,1355,2025-10-07T14:44:33,VIEW_DAMAGE,
6666,1355,2025-10-07T14:45:13,VIEW_SUMMARY,
6685,1389,2025-10-07T14:45:54,READ_BUDGET,
6709,1389,2025-10-07T14:47:01,READ_NEWS,
6750,1389,2025-10-07T14:48:51,VIEW_SELL_HOUSE,
6757,1389,2025-10-07T14:49:25,STAY_HOUSE_WAIT,
6767,1389,2025-10-07T14:49:42,STAYED_HOUSE,
6775,1389,2025-10-07T14:49:49,VIEW_TAXES,
6782,1389,2025-10-07T14:49:58,VIEW_IMPROVEMENTS,
6855,1389,2025-10-07T14:52:01,ANSWER_SURVEY,
6907,1389,2025-10-07T14:52:59,SURVEY_COMPLETED,
6957,1389,2025-10-07T14:54:36,VIEW_DAMAGE,
7004,1389,2025-10-07T14:56:48,VIEW_SUMMARY,
7038,1422,2025-10-07T14:57:51,READ_BUDGET,
7052,1422,2025-10-07T14:58:06,READ_NEWS,
7055,1422,2025-10-07T14:58:10,VIEW_SELL_HOUSE,
7058,1422,2025-10-07T14:58:13,STAY_HOUSE_WAIT,
7073,1422,2025-10-07T14:58:35,STAYED_HOUSE,
7084,1422,2025-10-07T14:58:43,VIEW_TAXES,
7091,1422,2025-10-07T14:58:55,VIEW_IMPROVEMENTS,
7131,1422,2025-10-07T15:00:30,ANSWER_SURVEY,
7145,1422,2025-10-07T15:01:04,SURVEY_COMPLETED,
7179,1422,2025-10-07T15:02:50,VIEW_DAMAGE,
7195,1422,2025-10-07T15:03:25,VIEW_SUMMARY,
7207,1437,2025-10-07T15:04:51,READ_BUDGET,
7251,1437,2025-10-07T15:06:26,READ_NEWS,
7265,1437,2025-10-07T15:07:10,VIEW_SELL_HOUSE,
7301,1437,2025-10-07T15:09:24,STAY_HOUSE_WAIT,
7326,1437,2025-10-07T15:11:18,STAYED_HOUSE,
7327,1437,2025-10-07T15:11:20,VIEW_TAXES,
7329,1437,2025-10-07T15:11:27,VIEW_IMPROVEMENTS,
7333,1437,2025-10-07T15:12:04,ANSWER_SURVEY,
7334,1437,2025-10-07T15:12:15,SURVEY_COMPLETED,
7339,1437,2025-10-07T15:13:10,VIEW_DAMAGE,
7343,1437,2025-10-07T15:13:18,VIEW_SUMMARY,
6273,1334,2025-10-07T13:59:16,LOGIN,Round=0
6303,1356,2025-10-07T14:19:43,READ_BUDGET,
6329,1356,2025-10-07T14:21:48,READ_NEWS,
6359,1356,2025-10-07T14:26:05,VIEW_BUY_HOUSE,
6415,1356,2025-10-07T14:31:30,BUY_HOUSE_WAIT,
6430,1356,2025-10-07T14:32:11,BOUGHT_HOUSE,"Transaction=APPROVED_BUY
House=U09"
6468,1356,2025-10-07T14:35:05,VIEW_TAXES,
6481,1356,2025-10-07T14:36:18,VIEW_IMPROVEMENTS,
6500,1356,2025-10-07T14:38:13,ANSWER_SURVEY,
6545,1356,2025-10-07T14:41:17,SURVEY_COMPLETED,
6643,1356,2025-10-07T14:44:38,VIEW_DAMAGE,
6668,1356,2025-10-07T14:45:16,VIEW_SUMMARY,
6691,1391,2025-10-07T14:45:56,READ_BUDGET,
6708,1391,2025-10-07T14:46:59,READ_NEWS,
6724,1391,2025-10-07T14:48:07,VIEW_SELL_HOUSE,
6744,1391,2025-10-07T14:48:34,STAY_HOUSE_WAIT,
6771,1391,2025-10-07T14:49:44,STAYED_HOUSE,
6777,1391,2025-10-07T14:49:53,VIEW_TAXES,
6797,1391,2025-10-07T14:50:29,VIEW_IMPROVEMENTS,
6849,1391,2025-10-07T14:51:35,ANSWER_SURVEY,
6911,1391,2025-10-07T14:53:01,SURVEY_COMPLETED,
6947,1391,2025-10-07T14:54:24,VIEW_DAMAGE,
6994,1391,2025-10-07T14:56:06,VIEW_SUMMARY,
7015,1419,2025-10-07T14:57:05,READ_BUDGET,
7035,1419,2025-10-07T14:57:48,READ_NEWS,
7040,1419,2025-10-07T14:57:54,VIEW_SELL_HOUSE,
7048,1419,2025-10-07T14:58,STAY_HOUSE_WAIT,
7070,1419,2025-10-07T14:58:31,STAYED_HOUSE,
7085,1419,2025-10-07T14:58:45,VIEW_TAXES,
7090,1419,2025-10-07T14:58:53,VIEW_IMPROVEMENTS,
7098,1419,2025-10-07T14:59:27,ANSWER_SURVEY,
7149,1419,2025-10-07T15:01:17,SURVEY_COMPLETED,
7177,1419,2025-10-07T15:02:41,VIEW_DAMAGE,
7187,1419,2025-10-07T15:03:09,VIEW_SUMMARY,
7202,1436,2025-10-07T15:04:04,READ_BUDGET,
7235,1436,2025-10-07T15:05:54,READ_NEWS,
7239,1436,2025-10-07T15:06:05,VIEW_SELL_HOUSE,
7276,1436,2025-10-07T15:07:57,STAY_HOUSE_WAIT,
7295,1436,2025-10-07T15:09:03,STAYED_HOUSE,
7309,1436,2025-10-07T15:09:54,VIEW_TAXES,
7313,1436,2025-10-07T15:10,VIEW_IMPROVEMENTS,
7322,1436,2025-10-07T15:10:40,ANSWER_SURVEY,
7331,1436,2025-10-07T15:11:53,SURVEY_COMPLETED,
7342,1436,2025-10-07T15:13:11,VIEW_DAMAGE,
7347,1436,2025-10-07T15:13:20,VIEW_SUMMARY,
6275,1336,2025-10-07T14:16:55,LOGIN,Round=0
6298,1351,2025-10-07T14:19:33,READ_BUDGET,
6337,1351,2025-10-07T14:24:32,READ_NEWS,
6356,1351,2025-10-07T14:26:03,VIEW_BUY_HOUSE,
6417,1351,2025-10-07T14:31:31,BUY_HOUSE_WAIT,
6437,1351,2025-10-07T14:32:29,BOUGHT_HOUSE,"Transaction=APPROVED_BUY
House=D05"
6463,1351,2025-10-07T14:35:02,VIEW_TAXES,
6473,1351,2025-10-07T14:35:32,VIEW_IMPROVEMENTS,
6479,1351,2025-10-07T14:36,ANSWER_SURVEY,
6562,1351,2025-10-07T14:41:50,SURVEY_COMPLETED,
6644,1351,2025-10-07T14:44:39,VIEW_DAMAGE,
6662,1351,2025-10-07T14:45:10,VIEW_SUMMARY,
6687,1390,2025-10-07T14:45:54,READ_BUDGET,
6710,1390,2025-10-07T14:47:03,READ_NEWS,
6721,1390,2025-10-07T14:47:56,VIEW_SELL_HOUSE,
6739,1390,2025-10-07T14:48:28,STAY_HOUSE_WAIT,
6772,1390,2025-10-07T14:49:46,STAYED_HOUSE,
6793,1390,2025-10-07T14:50:25,VIEW_TAXES,
6812,1390,2025-10-07T14:50:56,VIEW_IMPROVEMENTS,
6853,1390,2025-10-07T14:51:49,ANSWER_SURVEY,
6905,1390,2025-10-07T14:52:56,SURVEY_COMPLETED,
6940,1390,2025-10-07T14:53:52,VIEW_DAMAGE,
6980,1390,2025-10-07T14:55:51,VIEW_SUMMARY,
7018,1421,2025-10-07T14:57:17,READ_BUDGET,
7030,1421,2025-10-07T14:57:39,READ_NEWS,
7041,1421,2025-10-07T14:57:55,VIEW_SELL_HOUSE,
7047,1421,2025-10-07T14:57:59,STAY_HOUSE_WAIT,
7066,1421,2025-10-07T14:58:28,STAYED_HOUSE,
7078,1421,2025-10-07T14:58:37,VIEW_TAXES,
7083,1421,2025-10-07T14:58:42,VIEW_IMPROVEMENTS,
7087,1421,2025-10-07T14:58:48,ANSWER_SURVEY,
7151,1421,2025-10-07T15:01:22,SURVEY_COMPLETED,
7170,1421,2025-10-07T15:02:36,VIEW_DAMAGE,
7192,1421,2025-10-07T15:03:14,VIEW_SUMMARY,
7213,1439,2025-10-07T15:05:24,READ_BUDGET,
7236,1439,2025-10-07T15:05:57,READ_NEWS,
7240,1439,2025-10-07T15:06:06,VIEW_SELL_HOUSE,
7274,1439,2025-10-07T15:07:53,SELL_HOUSE_WAIT,
7279,1439,2025-10-07T15:08:16,VIEW_BUY_HOUSE,Transaction=APPROVED_SELL
7292,1439,2025-10-07T15:08:59,BUY_HOUSE_WAIT,
7299,1439,2025-10-07T15:09:15,BOUGHT_HOUSE,"Transaction=APPROVED_BUY
House=N06"
7310,1439,2025-10-07T15:09:55,VIEW_TAXES,
7318,1439,2025-10-07T15:10:09,VIEW_IMPROVEMENTS,
7320,1439,2025-10-07T15:10:15,ANSWER_SURVEY,
7336,1439,2025-10-07T15:12:35,SURVEY_COMPLETED,
7337,1439,2025-10-07T15:13:08,VIEW_DAMAGE,
7344,1439,2025-10-07T15:13:18,VIEW_SUMMARY,
6285,1346,2025-10-07T14:18:05,LOGIN,Round=0
6300,1353,2025-10-07T14:19:35,READ_BUDGET,
6328,1353,2025-10-07T14:21:47,READ_NEWS,
6357,1353,2025-10-07T14:26:04,VIEW_BUY_HOUSE,
6427,1353,2025-10-07T14:31:41,BUY_HOUSE_WAIT,
6435,1353,2025-10-07T14:32:25,BOUGHT_HOUSE,"Transaction=APPROVED_BUY
House=N05"
6469,1353,2025-10-07T14:35:07,VIEW_TAXES,
6487,1353,2025-10-07T14:36:35,VIEW_IMPROVEMENTS,
6534,1353,2025-10-07T14:40:47,ANSWER_SURVEY,
6552,1353,2025-10-07T14:41:39,SURVEY_COMPLETED,
6650,1353,2025-10-07T14:44:47,VIEW_DAMAGE,
6663,1353,2025-10-07T14:45:11,VIEW_SUMMARY,
6684,1388,2025-10-07T14:45:53,READ_BUDGET,
6704,1388,2025-10-07T14:46:53,READ_NEWS,
6725,1388,2025-10-07T14:48:07,VIEW_SELL_HOUSE,
6742,1388,2025-10-07T14:48:29,STAY_HOUSE_WAIT,
6764,1388,2025-10-07T14:49:38,STAYED_HOUSE,
6776,1388,2025-10-07T14:49:51,VIEW_TAXES,
6780,1388,2025-10-07T14:49:58,VIEW_IMPROVEMENTS,
6882,1388,2025-10-07T14:52:26,ANSWER_SURVEY,
6906,1388,2025-10-07T14:52:58,SURVEY_COMPLETED,
6942,1388,2025-10-07T14:53:55,VIEW_DAMAGE,
7001,1388,2025-10-07T14:56:29,VIEW_SUMMARY,
7013,1417,2025-10-07T14:57:01,READ_BUDGET,
7028,1417,2025-10-07T14:57:38,READ_NEWS,
7037,1417,2025-10-07T14:57:51,VIEW_SELL_HOUSE,
7043,1417,2025-10-07T14:57:55,STAY_HOUSE_WAIT,
7069,1417,2025-10-07T14:58:30,STAYED_HOUSE,
7082,1417,2025-10-07T14:58:40,VIEW_TAXES,
7086,1417,2025-10-07T14:58:47,VIEW_IMPROVEMENTS,
7148,1417,2025-10-07T15:01:11,ANSWER_SURVEY,
7156,1417,2025-10-07T15:01:45,SURVEY_COMPLETED,
7173,1417,2025-10-07T15:02:37,VIEW_DAMAGE,
7188,1417,2025-10-07T15:03:10,VIEW_SUMMARY,
7212,1438,2025-10-07T15:05:24,READ_BUDGET,
7262,1438,2025-10-07T15:06:47,READ_NEWS,
7264,1438,2025-10-07T15:07:01,VIEW_SELL_HOUSE,
7278,1438,2025-10-07T15:08:10,STAY_HOUSE_WAIT,
7293,1438,2025-10-07T15:08:59,STAYED_HOUSE,
7307,1438,2025-10-07T15:09:49,VIEW_TAXES,
7311,1438,2025-10-07T15:09:56,VIEW_IMPROVEMENTS,
7325,1438,2025-10-07T15:10:53,ANSWER_SURVEY,
7332,1438,2025-10-07T15:11:59,SURVEY_COMPLETED,
7338,1438,2025-10-07T15:13:08,VIEW_DAMAGE,
7348,1438,2025-10-07T15:13:23,VIEW_SUMMARY,
6261,1322,2025-10-07T13:52:09,LOGIN,Round=0
6301,1354,2025-10-07T14:19:35,READ_BUDGET,
6326,1354,2025-10-07T14:21:46,READ_NEWS,
6360,1354,2025-10-07T14:26:10,VIEW_BUY_HOUSE,
6436,1354,2025-10-07T14:32:29,BUY_HOUSE_WAIT,
6471,1354,2025-10-07T14:35:15,BOUGHT_HOUSE,"Transaction=APPROVED_BUY
House=D02"
6482,1354,2025-10-07T14:36:18,VIEW_TAXES,
6484,1354,2025-10-07T14:36:28,VIEW_IMPROVEMENTS,
6514,1354,2025-10-07T14:39:25,ANSWER_SURVEY,
6554,1354,2025-10-07T14:41:40,SURVEY_COMPLETED,
6647,1354,2025-10-07T14:44:43,VIEW_DAMAGE,
6660,1354,2025-10-07T14:45:07,VIEW_SUMMARY,
6683,1387,2025-10-07T14:45:51,READ_BUDGET,
6706,1387,2025-10-07T14:46:54,READ_NEWS,
6731,1387,2025-10-07T14:48:16,VIEW_SELL_HOUSE,
6740,1387,2025-10-07T14:48:28,STAY_HOUSE_WAIT,
6768,1387,2025-10-07T14:49:42,STAYED_HOUSE,
6774,1387,2025-10-07T14:49:48,VIEW_TAXES,
6781,1387,2025-10-07T14:49:58,VIEW_IMPROVEMENTS,
6834,1387,2025-10-07T14:51:17,ANSWER_SURVEY,
6903,1387,2025-10-07T14:52:50,SURVEY_COMPLETED,
6941,1387,2025-10-07T14:53:52,VIEW_DAMAGE,
6976,1387,2025-10-07T14:55:36,VIEW_SUMMARY,
7014,1418,2025-10-07T14:57:02,READ_BUDGET,
7029,1418,2025-10-07T14:57:39,READ_NEWS,
7036,1418,2025-10-07T14:57:50,VIEW_SELL_HOUSE,
7045,1418,2025-10-07T14:57:56,STAY_HOUSE_WAIT,
7074,1418,2025-10-07T14:58:35,STAYED_HOUSE,
7079,1418,2025-10-07T14:58:37,VIEW_TAXES,
7081,1418,2025-10-07T14:58:39,VIEW_IMPROVEMENTS,
7116,1418,2025-10-07T15:00:03,ANSWER_SURVEY,
7146,1418,2025-10-07T15:01:05,SURVEY_COMPLETED,
7166,1418,2025-10-07T15:02:29,VIEW_DAMAGE,
7190,1418,2025-10-07T15:03:12,VIEW_SUMMARY,
7194,1435,2025-10-07T15:03:23,READ_BUDGET,
7233,1435,2025-10-07T15:05:53,READ_NEWS,
7238,1435,2025-10-07T15:06:05,VIEW_SELL_HOUSE,
7269,1435,2025-10-07T15:07:34,STAY_HOUSE_WAIT,
7291,1435,2025-10-07T15:08:58,STAYED_HOUSE,
7308,1435,2025-10-07T15:09:51,VIEW_TAXES,
7314,1435,2025-10-07T15:10:01,VIEW_IMPROVEMENTS,
7323,1435,2025-10-07T15:10:40,ANSWER_SURVEY,
7330,1435,2025-10-07T15:11:51,SURVEY_COMPLETED,
7340,1435,2025-10-07T15:13:11,VIEW_DAMAGE,
7345,1435,2025-10-07T15:13:19,VIEW_SUMMARY,
6271,1332,2025-10-07T13:56:39,LOGIN,Round=0
6278,1339,2025-10-07T14:17:46,READ_BUDGET,
6297,1339,2025-10-07T14:19:23,READ_NEWS,
6318,1339,2025-10-07T14:21:19,VIEW_BUY_HOUSE,
6388,1339,2025-10-07T14:28:23,BUY_HOUSE_WAIT,
6390,1339,2025-10-07T14:28:38,BOUGHT_HOUSE,"Transaction=APPROVED_BUY
House=N07"
6392,1339,2025-10-07T14:28:56,VIEW_TAXES,
6412,1339,2025-10-07T14:30:25,VIEW_IMPROVEMENTS,
6432,1339,2025-10-07T14:32:23,ANSWER_SURVEY,
6478,1339,2025-10-07T14:35:57,SURVEY_COMPLETED,
6502,1339,2025-10-07T14:38:14,VIEW_DAMAGE,
6509,1339,2025-10-07T14:38:51,VIEW_SUMMARY,
6522,1376,2025-10-07T14:40:21,READ_BUDGET,
6547,1376,2025-10-07T14:41:18,READ_NEWS,
6557,1376,2025-10-07T14:41:43,VIEW_SELL_HOUSE,
6571,1376,2025-10-07T14:42:10,STAY_HOUSE_WAIT,
6583,1376,2025-10-07T14:42:50,STAYED_HOUSE,
6621,1376,2025-10-07T14:43:58,VIEW_TAXES,
6636,1376,2025-10-07T14:44:20,VIEW_IMPROVEMENTS,
6682,1376,2025-10-07T14:45:48,ANSWER_SURVEY,
6697,1376,2025-10-07T14:46:17,SURVEY_COMPLETED,
6722,1376,2025-10-07T14:47:58,VIEW_DAMAGE,
6809,1376,2025-10-07T14:50:46,VIEW_SUMMARY,
6815,1402,2025-10-07T14:50:58,READ_BUDGET,
6845,1402,2025-10-07T14:51:25,READ_NEWS,
6865,1402,2025-10-07T14:52:13,VIEW_SELL_HOUSE,
6879,1402,2025-10-07T14:52:19,STAY_HOUSE_WAIT,
6893,1402,2025-10-07T14:52:36,STAYED_HOUSE,
6916,1402,2025-10-07T14:53:03,VIEW_TAXES,
6922,1402,2025-10-07T14:53:09,VIEW_IMPROVEMENTS,
6961,1402,2025-10-07T14:54:59,ANSWER_SURVEY,
6972,1402,2025-10-07T14:55:21,SURVEY_COMPLETED,
6997,1402,2025-10-07T14:56:17,VIEW_DAMAGE,
7042,1402,2025-10-07T14:57:55,VIEW_SUMMARY,
7050,1425,2025-10-07T14:58:03,READ_BUDGET,
7075,1425,2025-10-07T14:58:36,READ_NEWS,
7097,1425,2025-10-07T14:59:13,VIEW_SELL_HOUSE,
7113,1425,2025-10-07T14:59:58,STAY_HOUSE_WAIT,
7205,1425,2025-10-07T15:04:28,STAYED_HOUSE,
7229,1425,2025-10-07T15:05:39,VIEW_TAXES,
7253,1425,2025-10-07T15:06:34,VIEW_IMPROVEMENTS,
7271,1425,2025-10-07T15:07:39,ANSWER_SURVEY,
7273,1425,2025-10-07T15:07:51,SURVEY_COMPLETED,
7303,1425,2025-10-07T15:09:26,VIEW_DAMAGE,
6264,1325,2025-10-07T13:53:52,LOGIN,Round=0
6281,1342,2025-10-07T14:17:59,READ_BUDGET,
6290,1342,2025-10-07T14:18:37,READ_NEWS,
6315,1342,2025-10-07T14:21:18,VIEW_BUY_HOUSE,
6379,1342,2025-10-07T14:27:41,BUY_HOUSE_WAIT,
6389,1342,2025-10-07T14:28:28,BOUGHT_HOUSE,"Transaction=APPROVED_BUY
House=U05"
6394,1342,2025-10-07T14:28:59,VIEW_TAXES,
6409,1342,2025-10-07T14:30:10,VIEW_IMPROVEMENTS,
6444,1342,2025-10-07T14:32:33,ANSWER_SURVEY,
6457,1342,2025-10-07T14:34:40,SURVEY_COMPLETED,
6499,1342,2025-10-07T14:38:12,VIEW_DAMAGE,
6508,1342,2025-10-07T14:38:39,VIEW_SUMMARY,
6516,1370,2025-10-07T14:39:55,READ_BUDGET,
6538,1370,2025-10-07T14:41:03,READ_NEWS,
6555,1370,2025-10-07T14:41:42,VIEW_SELL_HOUSE,
6570,1370,2025-10-07T14:42:07,STAY_HOUSE_WAIT,
6581,1370,2025-10-07T14:42:44,STAYED_HOUSE,
6620,1370,2025-10-07T14:43:57,VIEW_TAXES,
6633,1370,2025-10-07T14:44:13,VIEW_IMPROVEMENTS,
6671,1370,2025-10-07T14:45:22,ANSWER_SURVEY,
6705,1370,2025-10-07T14:46:54,SURVEY_COMPLETED,
6735,1370,2025-10-07T14:48:21,VIEW_DAMAGE,
6773,1370,2025-10-07T14:49:48,VIEW_SUMMARY,
6824,1404,2025-10-07T14:51:04,READ_BUDGET,
6846,1404,2025-10-07T14:51:27,READ_NEWS,
6870,1404,2025-10-07T14:52:15,VIEW_SELL_HOUSE,
6874,1404,2025-10-07T14:52:17,STAY_HOUSE_WAIT,
6898,1404,2025-10-07T14:52:40,STAYED_HOUSE,
6915,1404,2025-10-07T14:53:03,VIEW_TAXES,
6928,1404,2025-10-07T14:53:13,VIEW_IMPROVEMENTS,
6951,1404,2025-10-07T14:54:32,ANSWER_SURVEY,
6971,1404,2025-10-07T14:55:18,SURVEY_COMPLETED,
6998,1404,2025-10-07T14:56:17,VIEW_DAMAGE,
7031,1404,2025-10-07T14:57:42,VIEW_SUMMARY,
7049,1424,2025-10-07T14:58:01,READ_BUDGET,
7093,1424,2025-10-07T14:59:04,READ_NEWS,
7114,1424,2025-10-07T15:00:01,VIEW_SELL_HOUSE,
7138,1424,2025-10-07T15:00:38,STAY_HOUSE_WAIT,
7203,1424,2025-10-07T15:04:17,STAYED_HOUSE,
7230,1424,2025-10-07T15:05:41,VIEW_TAXES,
7257,1424,2025-10-07T15:06:40,VIEW_IMPROVEMENTS,
7261,1424,2025-10-07T15:06:46,ANSWER_SURVEY,
7287,1424,2025-10-07T15:08:47,SURVEY_COMPLETED,
7304,1424,2025-10-07T15:09:28,VIEW_DAMAGE,
7316,1424,2025-10-07T15:10:05,VIEW_SUMMARY,
6276,1337,2025-10-07T14:17:01,LOGIN,Round=0
6280,1341,2025-10-07T14:17:55,READ_BUDGET,
6312,1341,2025-10-07T14:21:06,READ_NEWS,
6317,1341,2025-10-07T14:21:19,VIEW_BUY_HOUSE,
6384,1341,2025-10-07T14:27:57,BUY_HOUSE_WAIT,
6391,1341,2025-10-07T14:28:51,BOUGHT_HOUSE,"Transaction=APPROVED_BUY
House=U09"
6393,1341,2025-10-07T14:28:58,VIEW_TAXES,
6407,1341,2025-10-07T14:30:06,VIEW_IMPROVEMENTS,
6445,1341,2025-10-07T14:32:33,ANSWER_SURVEY,
6455,1341,2025-10-07T14:34:15,SURVEY_COMPLETED,
6504,1341,2025-10-07T14:38:19,VIEW_DAMAGE,
6511,1341,2025-10-07T14:39:02,VIEW_SUMMARY,
6518,1372,2025-10-07T14:39:59,READ_BUDGET,
6537,1372,2025-10-07T14:41:02,READ_NEWS,
6549,1372,2025-10-07T14:41:35,VIEW_SELL_HOUSE,
6580,1372,2025-10-07T14:42:34,STAY_HOUSE_WAIT,
6619,1372,2025-10-07T14:43:52,STAYED_HOUSE,
6623,1372,2025-10-07T14:44,VIEW_TAXES,
6635,1372,2025-10-07T14:44:16,VIEW_IMPROVEMENTS,
6688,1372,2025-10-07T14:45:55,ANSWER_SURVEY,
6694,1372,2025-10-07T14:46:07,SURVEY_COMPLETED,
6736,1372,2025-10-07T14:48:21,VIEW_DAMAGE,
6766,1372,2025-10-07T14:49:41,VIEW_SUMMARY,
6813,1400,2025-10-07T14:50:57,READ_BUDGET,
6843,1400,2025-10-07T14:51:25,READ_NEWS,
6877,1400,2025-10-07T14:52:17,VIEW_SELL_HOUSE,
6884,1400,2025-10-07T14:52:26,STAY_HOUSE_WAIT,
6896,1400,2025-10-07T14:52:38,STAYED_HOUSE,
6910,1400,2025-10-07T14:53,VIEW_TAXES,
6932,1400,2025-10-07T14:53:18,VIEW_IMPROVEMENTS,
6967,1400,2025-10-07T14:55:10,ANSWER_SURVEY,
6973,1400,2025-10-07T14:55:23,SURVEY_COMPLETED,
6999,1400,2025-10-07T14:56:19,VIEW_DAMAGE,
7011,1400,2025-10-07T14:56:58,VIEW_SUMMARY,
7057,1427,2025-10-07T14:58:12,READ_BUDGET,
7060,1427,2025-10-07T14:58:25,READ_NEWS,
7094,1427,2025-10-07T14:59:08,VIEW_SELL_HOUSE,
7130,1427,2025-10-07T15:00:28,SELL_HOUSE_WAIT,
7204,1427,2025-10-07T15:04:23,VIEW_BUY_HOUSE,Transaction=APPROVED_SELL
7208,1427,2025-10-07T15:05:03,BUY_HOUSE_WAIT,
7237,1427,2025-10-07T15:06:02,BOUGHT_HOUSE,"Transaction=APPROVED_BUY
House=D08"
7242,1427,2025-10-07T15:06:07,VIEW_TAXES,
7252,1427,2025-10-07T15:06:34,VIEW_IMPROVEMENTS,
7272,1427,2025-10-07T15:07:39,ANSWER_SURVEY,
7286,1427,2025-10-07T15:08:44,SURVEY_COMPLETED,
7300,1427,2025-10-07T15:09:18,VIEW_DAMAGE,
7317,1427,2025-10-07T15:10:08,VIEW_SUMMARY,
6265,1326,2025-10-07T13:54:16,LOGIN,Round=0
6304,1357,2025-10-07T14:19:58,READ_BUDGET,
6308,1357,2025-10-07T14:20:33,READ_NEWS,
6314,1357,2025-10-07T14:21:17,VIEW_BUY_HOUSE,
6383,1357,2025-10-07T14:27:54,BUY_HOUSE_WAIT,
6387,1357,2025-10-07T14:28:23,BOUGHT_HOUSE,"Transaction=APPROVED_BUY
House=D04"
6397,1357,2025-10-07T14:29:20,VIEW_TAXES,
6411,1357,2025-10-07T14:30:17,VIEW_IMPROVEMENTS,
6456,1357,2025-10-07T14:34:29,ANSWER_SURVEY,
6459,1357,2025-10-07T14:34:51,SURVEY_COMPLETED,
6506,1357,2025-10-07T14:38:26,VIEW_DAMAGE,
6512,1357,2025-10-07T14:39:17,VIEW_SUMMARY,
6515,1369,2025-10-07T14:39:37,READ_BUDGET,
6539,1369,2025-10-07T14:41:09,READ_NEWS,
6550,1369,2025-10-07T14:41:35,VIEW_SELL_HOUSE,
6591,1369,2025-10-07T14:43,SELL_HOUSE_WAIT,
6598,1369,2025-10-07T14:43:26,STAY_HOUSE_WAIT,
6618,1369,2025-10-07T14:43:48,STAYED_HOUSE,
6629,1369,2025-10-07T14:44:08,VIEW_TAXES,
6642,1369,2025-10-07T14:44:38,VIEW_IMPROVEMENTS,
6657,1369,2025-10-07T14:45:04,ANSWER_SURVEY,
6674,1369,2025-10-07T14:45:26,SURVEY_COMPLETED,
6728,1369,2025-10-07T14:48:13,VIEW_DAMAGE,
6769,1369,2025-10-07T14:49:43,VIEW_SUMMARY,
6814,1401,2025-10-07T14:50:57,READ_BUDGET,
6844,1401,2025-10-07T14:51:25,READ_NEWS,
6867,1401,2025-10-07T14:52:14,VIEW_SELL_HOUSE,
6894,1401,2025-10-07T14:52:37,STAY_HOUSE_WAIT,
6917,1401,2025-10-07T14:53:03,STAYED_HOUSE,
6923,1401,2025-10-07T14:53:09,VIEW_TAXES,
6931,1401,2025-10-07T14:53:16,VIEW_IMPROVEMENTS,
6945,1401,2025-10-07T14:54:15,ANSWER_SURVEY,
6949,1401,2025-10-07T14:54:32,SURVEY_COMPLETED,
7002,1401,2025-10-07T14:56:30,VIEW_DAMAGE,
7032,1401,2025-10-07T14:57:43,VIEW_SUMMARY,
7110,1434,2025-10-07T14:59:50,READ_BUDGET,
7112,1434,2025-10-07T14:59:57,READ_NEWS,
7115,1434,2025-10-07T15:00:02,VIEW_SELL_HOUSE,
7160,1434,2025-10-07T15:01:51,SELL_HOUSE_WAIT,
7185,1434,2025-10-07T15:03:06,VIEW_BUY_HOUSE,Transaction=APPROVED_SELL
7206,1434,2025-10-07T15:04:49,BUY_HOUSE_WAIT,
7220,1434,2025-10-07T15:05:28,BOUGHT_HOUSE,"Transaction=APPROVED_BUY
House=N02"
7231,1434,2025-10-07T15:05:45,VIEW_TAXES,
7254,1434,2025-10-07T15:06:35,VIEW_IMPROVEMENTS,
7270,1434,2025-10-07T15:07:38,ANSWER_SURVEY,
7275,1434,2025-10-07T15:07:56,SURVEY_COMPLETED,
7306,1434,2025-10-07T15:09:32,VIEW_DAMAGE,
7324,1434,2025-10-07T15:10:52,VIEW_SUMMARY,
6277,1338,2025-10-07T14:17:33,LOGIN,Round=0
6283,1344,2025-10-07T14:18:05,READ_BUDGET,
6311,1344,2025-10-07T14:20:57,READ_NEWS,
6330,1344,2025-10-07T14:21:51,VIEW_BUY_HOUSE,
6382,1344,2025-10-07T14:27:52,BUY_HOUSE_WAIT,
6386,1344,2025-10-07T14:28:11,BOUGHT_HOUSE,"Transaction=APPROVED_BUY
House=N05"
6396,1344,2025-10-07T14:29:01,VIEW_TAXES,
6406,1344,2025-10-07T14:30:05,VIEW_IMPROVEMENTS,
6453,1344,2025-10-07T14:33:47,ANSWER_SURVEY,
6483,1344,2025-10-07T14:36:20,SURVEY_COMPLETED,
6501,1344,2025-10-07T14:38:14,VIEW_DAMAGE,
6510,1344,2025-10-07T14:39:01,VIEW_SUMMARY,
6517,1371,2025-10-07T14:39:55,READ_BUDGET,
6536,1371,2025-10-07T14:41:02,READ_NEWS,
6553,1371,2025-10-07T14:41:40,VIEW_SELL_HOUSE,
6572,1371,2025-10-07T14:42:15,STAY_HOUSE_WAIT,
6582,1371,2025-10-07T14:42:48,STAYED_HOUSE,
6622,1371,2025-10-07T14:43:58,VIEW_TAXES,
6632,1371,2025-10-07T14:44:11,VIEW_IMPROVEMENTS,
6693,1371,2025-10-07T14:46:02,ANSWER_SURVEY,
6707,1371,2025-10-07T14:46:56,SURVEY_COMPLETED,
6727,1371,2025-10-07T14:48:09,VIEW_DAMAGE,
6758,1371,2025-10-07T14:49:30,VIEW_SUMMARY,
6811,1399,2025-10-07T14:50:56,READ_BUDGET,
6842,1399,2025-10-07T14:51:23,READ_NEWS,
6868,1399,2025-10-07T14:52:14,VIEW_SELL_HOUSE,
6873,1399,2025-10-07T14:52:17,STAY_HOUSE_WAIT,
6888,1399,2025-10-07T14:52:32,STAYED_HOUSE,
6912,1399,2025-10-07T14:53:01,VIEW_TAXES,
6926,1399,2025-10-07T14:53:12,VIEW_IMPROVEMENTS,
6946,1399,2025-10-07T14:54:15,ANSWER_SURVEY,
6968,1399,2025-10-07T14:55:10,SURVEY_COMPLETED,
6996,1399,2025-10-07T14:56:15,VIEW_DAMAGE,
7010,1399,2025-10-07T14:56:57,VIEW_SUMMARY,
7053,1426,2025-10-07T14:58:07,READ_BUDGET,
7067,1426,2025-10-07T14:58:29,READ_NEWS,
7096,1426,2025-10-07T14:59:12,VIEW_SELL_HOUSE,
7150,1426,2025-10-07T15:01:17,STAY_HOUSE_WAIT,
7210,1426,2025-10-07T15:05:15,STAYED_HOUSE,
7234,1426,2025-10-07T15:05:54,VIEW_TAXES,
7256,1426,2025-10-07T15:06:37,VIEW_IMPROVEMENTS,
7267,1426,2025-10-07T15:07:19,ANSWER_SURVEY,
7277,1426,2025-10-07T15:08:03,SURVEY_COMPLETED,
7305,1426,2025-10-07T15:09:31,VIEW_DAMAGE,
7321,1426,2025-10-07T15:10:19,VIEW_SUMMARY,
6269,1330,2025-10-07T13:55:09,LOGIN,Round=0
6279,1340,2025-10-07T14:17:51,READ_BUDGET,
6288,1340,2025-10-07T14:18:33,READ_NEWS,
6316,1340,2025-10-07T14:21:18,VIEW_BUY_HOUSE,
6371,1340,2025-10-07T14:27:14,BUY_HOUSE_WAIT,
6385,1340,2025-10-07T14:28:04,BOUGHT_HOUSE,"Transaction=APPROVED_BUY
House=N04"
6395,1340,2025-10-07T14:28:59,VIEW_TAXES,
6408,1340,2025-10-07T14:30:10,VIEW_IMPROVEMENTS,
6475,1340,2025-10-07T14:35:45,ANSWER_SURVEY,
6493,1340,2025-10-07T14:36:56,SURVEY_COMPLETED,
6503,1340,2025-10-07T14:38:15,VIEW_DAMAGE,
6513,1340,2025-10-07T14:39:24,VIEW_SUMMARY,
6521,1375,2025-10-07T14:40:20,READ_BUDGET,
6535,1375,2025-10-07T14:40:59,READ_NEWS,
6551,1375,2025-10-07T14:41:39,VIEW_SELL_HOUSE,
6584,1375,2025-10-07T14:42:53,STAY_HOUSE_WAIT,
6616,1375,2025-10-07T14:43:44,STAYED_HOUSE,
6624,1375,2025-10-07T14:44:02,VIEW_TAXES,
6634,1375,2025-10-07T14:44:14,VIEW_IMPROVEMENTS,
6700,1375,2025-10-07T14:46:30,ANSWER_SURVEY,
6711,1375,2025-10-07T14:47:15,SURVEY_COMPLETED,
6726,1375,2025-10-07T14:48:09,VIEW_DAMAGE,
6810,1375,2025-10-07T14:50:53,VIEW_SUMMARY,
6816,1403,2025-10-07T14:50:58,READ_BUDGET,
6854,1403,2025-10-07T14:51:57,READ_NEWS,
6878,1403,2025-10-07T14:52:19,VIEW_SELL_HOUSE,
6899,1403,2025-10-07T14:52:42,STAY_HOUSE_WAIT,
6902,1403,2025-10-07T14:52:50,STAYED_HOUSE,
6913,1403,2025-10-07T14:53:01,VIEW_TAXES,
6929,1403,2025-10-07T14:53:14,VIEW_IMPROVEMENTS,
6958,1403,2025-10-07T14:54:38,ANSWER_SURVEY,
6959,1403,2025-10-07T14:54:55,SURVEY_COMPLETED,
6995,1403,2025-10-07T14:56:14,VIEW_DAMAGE,
7027,1403,2025-10-07T14:57:36,VIEW_SUMMARY,
7046,1423,2025-10-07T14:57:59,READ_BUDGET,
7054,1423,2025-10-07T14:58:09,READ_NEWS,
7095,1423,2025-10-07T14:59:08,VIEW_SELL_HOUSE,
7167,1423,2025-10-07T15:02:30,STAY_HOUSE_WAIT,
7209,1423,2025-10-07T15:05:09,STAYED_HOUSE,
7226,1423,2025-10-07T15:05:36,VIEW_TAXES,
7255,1423,2025-10-07T15:06:36,VIEW_IMPROVEMENTS,
7263,1423,2025-10-07T15:07,ANSWER_SURVEY,
7266,1423,2025-10-07T15:07:18,SURVEY_COMPLETED,
7302,1423,2025-10-07T15:09:25,VIEW_DAMAGE,
7319,1423,2025-10-07T15:10:10,VIEW_SUMMARY,
6274,1335,2025-10-07T14:01:44,LOGIN,Round=0
6287,1348,2025-10-07T14:18:26,READ_BUDGET,
6296,1348,2025-10-07T14:19:16,READ_NEWS,
6323,1348,2025-10-07T14:21:40,VIEW_BUY_HOUSE,
6353,1348,2025-10-07T14:25:46,BUY_HOUSE_WAIT,
6367,1348,2025-10-07T14:26:40,BOUGHT_HOUSE,"Transaction=APPROVED_BUY
House=U05"
6373,1348,2025-10-07T14:27:24,VIEW_TAXES,
6376,1348,2025-10-07T14:27:31,VIEW_IMPROVEMENTS,
6433,1348,2025-10-07T14:32:24,ANSWER_SURVEY,
6450,1348,2025-10-07T14:33:34,SURVEY_COMPLETED,
6470,1348,2025-10-07T14:35:08,VIEW_DAMAGE,
6491,1348,2025-10-07T14:36:38,VIEW_SUMMARY,
6519,1373,2025-10-07T14:40:20,READ_BUDGET,
6530,1373,2025-10-07T14:40:28,READ_NEWS,
6561,1373,2025-10-07T14:41:48,VIEW_SELL_HOUSE,
6574,1373,2025-10-07T14:42:20,STAY_HOUSE_WAIT,
6586,1373,2025-10-07T14:42:54,STAYED_HOUSE,
6594,1373,2025-10-07T14:43:03,VIEW_TAXES,
6615,1373,2025-10-07T14:43:43,VIEW_IMPROVEMENTS,
6681,1373,2025-10-07T14:45:48,ANSWER_SURVEY,
6696,1373,2025-10-07T14:46:16,SURVEY_COMPLETED,
6719,1373,2025-10-07T14:47:36,VIEW_DAMAGE,
6734,1373,2025-10-07T14:48:20,VIEW_SUMMARY,
6752,1394,2025-10-07T14:49:04,READ_BUDGET,
6763,1394,2025-10-07T14:49:36,READ_NEWS,
6806,1394,2025-10-07T14:50:34,VIEW_SELL_HOUSE,
6808,1394,2025-10-07T14:50:41,STAY_HOUSE_WAIT,
6822,1394,2025-10-07T14:51:03,STAYED_HOUSE,
6827,1394,2025-10-07T14:51:07,VIEW_TAXES,
6840,1394,2025-10-07T14:51:20,VIEW_IMPROVEMENTS,
6890,1394,2025-10-07T14:52:33,ANSWER_SURVEY,
6936,1394,2025-10-07T14:53:36,SURVEY_COMPLETED,
6948,1394,2025-10-07T14:54:30,VIEW_DAMAGE,
6964,1394,2025-10-07T14:55:04,VIEW_SUMMARY,
6984,1413,2025-10-07T14:55:54,READ_BUDGET,
7000,1413,2025-10-07T14:56:24,READ_NEWS,
7025,1413,2025-10-07T14:57:34,VIEW_SELL_HOUSE,
7102,1413,2025-10-07T14:59:36,STAY_HOUSE_WAIT,
7121,1413,2025-10-07T15:00:20,STAYED_HOUSE,
7124,1413,2025-10-07T15:00:23,VIEW_TAXES,
7137,1413,2025-10-07T15:00:37,VIEW_IMPROVEMENTS,
7144,1413,2025-10-07T15:01:01,ANSWER_SURVEY,
7158,1413,2025-10-07T15:01:47,SURVEY_COMPLETED,
7174,1413,2025-10-07T15:02:38,VIEW_DAMAGE,
7181,1413,2025-10-07T15:02:55,VIEW_SUMMARY,
6263,1324,2025-10-07T13:53:15,LOGIN,Round=0
6286,1347,2025-10-07T14:18:06,READ_BUDGET,
6294,1347,2025-10-07T14:19:14,READ_NEWS,
6324,1347,2025-10-07T14:21:41,VIEW_BUY_HOUSE,
6354,1347,2025-10-07T14:25:47,BUY_HOUSE_WAIT,
6366,1347,2025-10-07T14:26:39,BOUGHT_HOUSE,"Transaction=APPROVED_BUY
House=D04"
6370,1347,2025-10-07T14:26:54,VIEW_TAXES,
6377,1347,2025-10-07T14:27:32,VIEW_IMPROVEMENTS,
6429,1347,2025-10-07T14:31:47,ANSWER_SURVEY,
6451,1347,2025-10-07T14:33:35,SURVEY_COMPLETED,
6464,1347,2025-10-07T14:35:02,VIEW_DAMAGE,
6486,1347,2025-10-07T14:36:35,VIEW_SUMMARY,
6526,1380,2025-10-07T14:40:24,READ_BUDGET,
6531,1380,2025-10-07T14:40:29,READ_NEWS,
6563,1380,2025-10-07T14:41:56,VIEW_SELL_HOUSE,
6577,1380,2025-10-07T14:42:24,STAY_HOUSE_WAIT,
6589,1380,2025-10-07T14:42:58,STAYED_HOUSE,
6592,1380,2025-10-07T14:43:01,VIEW_TAXES,
6611,1380,2025-10-07T14:43:39,VIEW_IMPROVEMENTS,
6630,1380,2025-10-07T14:44:10,ANSWER_SURVEY,
6689,1380,2025-10-07T14:45:55,SURVEY_COMPLETED,
6718,1380,2025-10-07T14:47:29,VIEW_DAMAGE,
6732,1380,2025-10-07T14:48:17,VIEW_SUMMARY,
6755,1397,2025-10-07T14:49:13,READ_BUDGET,
6759,1397,2025-10-07T14:49:30,READ_NEWS,
6799,1397,2025-10-07T14:50:30,VIEW_SELL_HOUSE,
6805,1397,2025-10-07T14:50:33,STAY_HOUSE_WAIT,
6819,1397,2025-10-07T14:51:01,STAYED_HOUSE,
6828,1397,2025-10-07T14:51:08,VIEW_TAXES,
6839,1397,2025-10-07T14:51:20,VIEW_IMPROVEMENTS,
6891,1397,2025-10-07T14:52:34,ANSWER_SURVEY,
6938,1397,2025-10-07T14:53:37,SURVEY_COMPLETED,
6952,1397,2025-10-07T14:54:32,VIEW_DAMAGE,
6966,1397,2025-10-07T14:55:05,VIEW_SUMMARY,
6986,1415,2025-10-07T14:55:55,READ_BUDGET,
6988,1415,2025-10-07T14:55:58,READ_NEWS,
7024,1415,2025-10-07T14:57:34,VIEW_SELL_HOUSE,
7100,1415,2025-10-07T14:59:35,STAY_HOUSE_WAIT,
7119,1415,2025-10-07T15:00:18,STAYED_HOUSE,
7128,1415,2025-10-07T15:00:27,VIEW_TAXES,
7135,1415,2025-10-07T15:00:35,VIEW_IMPROVEMENTS,
7152,1415,2025-10-07T15:01:24,ANSWER_SURVEY,
7159,1415,2025-10-07T15:01:48,SURVEY_COMPLETED,
7175,1415,2025-10-07T15:02:39,VIEW_DAMAGE,
7183,1415,2025-10-07T15:02:56,VIEW_SUMMARY,
6268,1329,2025-10-07T13:54:47,LOGIN,Round=0
6284,1345,2025-10-07T14:18:05,READ_BUDGET,
6292,1345,2025-10-07T14:19:13,READ_NEWS,
6321,1345,2025-10-07T14:21:39,VIEW_BUY_HOUSE,
6355,1345,2025-10-07T14:25:49,BUY_HOUSE_WAIT,
6363,1345,2025-10-07T14:26:38,BOUGHT_HOUSE,"Transaction=APPROVED_BUY
House=U09"
6368,1345,2025-10-07T14:26:44,VIEW_TAXES,
6374,1345,2025-10-07T14:27:28,VIEW_IMPROVEMENTS,
6440,1345,2025-10-07T14:32:30,ANSWER_SURVEY,
6452,1345,2025-10-07T14:33:39,SURVEY_COMPLETED,
6472,1345,2025-10-07T14:35:16,VIEW_DAMAGE,
6490,1345,2025-10-07T14:36:36,VIEW_SUMMARY,
6524,1378,2025-10-07T14:40:22,READ_BUDGET,
6529,1378,2025-10-07T14:40:28,READ_NEWS,
6559,1378,2025-10-07T14:41:46,VIEW_SELL_HOUSE,
6576,1378,2025-10-07T14:42:23,STAY_HOUSE_WAIT,
6587,1378,2025-10-07T14:42:54,STAYED_HOUSE,
6595,1378,2025-10-07T14:43:06,VIEW_TAXES,
6612,1378,2025-10-07T14:43:39,VIEW_IMPROVEMENTS,
6669,1378,2025-10-07T14:45:20,ANSWER_SURVEY,
6695,1378,2025-10-07T14:46:15,SURVEY_COMPLETED,
6714,1378,2025-10-07T14:47:25,VIEW_DAMAGE,
6748,1378,2025-10-07T14:48:46,VIEW_SUMMARY,
6756,1398,2025-10-07T14:49:13,READ_BUDGET,
6760,1398,2025-10-07T14:49:31,READ_NEWS,
6796,1398,2025-10-07T14:50:28,VIEW_SELL_HOUSE,
6800,1398,2025-10-07T14:50:30,STAY_HOUSE_WAIT,
6821,1398,2025-10-07T14:51:02,STAYED_HOUSE,
6829,1398,2025-10-07T14:51:09,VIEW_TAXES,
6848,1398,2025-10-07T14:51:35,VIEW_IMPROVEMENTS,
6914,1398,2025-10-07T14:53:02,ANSWER_SURVEY,
6943,1398,2025-10-07T14:53:55,SURVEY_COMPLETED,
6950,1398,2025-10-07T14:54:32,VIEW_DAMAGE,
6965,1398,2025-10-07T14:55:04,VIEW_SUMMARY,
6981,1411,2025-10-07T14:55:52,READ_BUDGET,
6990,1411,2025-10-07T14:55:58,READ_NEWS,
7022,1411,2025-10-07T14:57:33,VIEW_SELL_HOUSE,
7103,1411,2025-10-07T14:59:37,STAY_HOUSE_WAIT,
7117,1411,2025-10-07T15:00:16,STAYED_HOUSE,
7123,1411,2025-10-07T15:00:23,VIEW_TAXES,
7136,1411,2025-10-07T15:00:36,VIEW_IMPROVEMENTS,
7154,1411,2025-10-07T15:01:41,ANSWER_SURVEY,
7164,1411,2025-10-07T15:01:58,SURVEY_COMPLETED,
7169,1411,2025-10-07T15:02:36,VIEW_DAMAGE,
7182,1411,2025-10-07T15:02:55,VIEW_SUMMARY,
6266,1327,2025-10-07T13:54:19,LOGIN,Round=0
6282,1343,2025-10-07T14:18:04,READ_BUDGET,
6293,1343,2025-10-07T14:19:14,READ_NEWS,
6322,1343,2025-10-07T14:21:40,VIEW_BUY_HOUSE,
6350,1343,2025-10-07T14:25:46,BUY_HOUSE_WAIT,
6364,1343,2025-10-07T14:26:38,BOUGHT_HOUSE,"Transaction=APPROVED_BUY
House=U10"
6369,1343,2025-10-07T14:26:46,VIEW_TAXES,
6381,1343,2025-10-07T14:27:41,VIEW_IMPROVEMENTS,
6403,1343,2025-10-07T14:29:27,ANSWER_SURVEY,
6449,1343,2025-10-07T14:33:33,SURVEY_COMPLETED,
6460,1343,2025-10-07T14:34:57,VIEW_DAMAGE,
6492,1343,2025-10-07T14:36:55,VIEW_SUMMARY,
6523,1377,2025-10-07T14:40:22,READ_BUDGET,
6532,1377,2025-10-07T14:40:29,READ_NEWS,
6556,1377,2025-10-07T14:41:43,VIEW_SELL_HOUSE,
6575,1377,2025-10-07T14:42:20,STAY_HOUSE_WAIT,
6588,1377,2025-10-07T14:42:55,STAYED_HOUSE,
6597,1377,2025-10-07T14:43:18,VIEW_TAXES,
6613,1377,2025-10-07T14:43:40,VIEW_IMPROVEMENTS,
6654,1377,2025-10-07T14:44:58,ANSWER_SURVEY,
6702,1377,2025-10-07T14:46:51,SURVEY_COMPLETED,
6717,1377,2025-10-07T14:47:29,VIEW_DAMAGE,
6749,1377,2025-10-07T14:48:49,VIEW_SUMMARY,
6754,1396,2025-10-07T14:49:13,READ_BUDGET,
6765,1396,2025-10-07T14:49:38,READ_NEWS,
6795,1396,2025-10-07T14:50:28,VIEW_SELL_HOUSE,
6802,1396,2025-10-07T14:50:31,STAY_HOUSE_WAIT,
6823,1396,2025-10-07T14:51:03,STAYED_HOUSE,
6833,1396,2025-10-07T14:51:17,VIEW_TAXES,
6863,1396,2025-10-07T14:52:11,VIEW_IMPROVEMENTS,
6900,1396,2025-10-07T14:52:46,ANSWER_SURVEY,
6934,1396,2025-10-07T14:53:34,SURVEY_COMPLETED,
6953,1396,2025-10-07T14:54:33,VIEW_DAMAGE,
6977,1396,2025-10-07T14:55:36,VIEW_SUMMARY,
6987,1416,2025-10-07T14:55:57,READ_BUDGET,
6992,1416,2025-10-07T14:56:01,READ_NEWS,
7034,1416,2025-10-07T14:57:46,VIEW_SELL_HOUSE,
7104,1416,2025-10-07T14:59:38,STAY_HOUSE_WAIT,
7122,1416,2025-10-07T15:00:20,STAYED_HOUSE,
7129,1416,2025-10-07T15:00:27,VIEW_TAXES,
7133,1416,2025-10-07T15:00:33,VIEW_IMPROVEMENTS,
7139,1416,2025-10-07T15:00:56,ANSWER_SURVEY,
7155,1416,2025-10-07T15:01:44,SURVEY_COMPLETED,
7168,1416,2025-10-07T15:02:33,VIEW_DAMAGE,
7184,1416,2025-10-07T15:03:01,VIEW_SUMMARY,
6267,1328,2025-10-07T13:54:24,LOGIN,Round=0
6289,1349,2025-10-07T14:18:35,READ_BUDGET,
6305,1349,2025-10-07T14:19:58,READ_NEWS,
6320,1349,2025-10-07T14:21:37,VIEW_BUY_HOUSE,
6352,1349,2025-10-07T14:25:46,BUY_HOUSE_WAIT,
6362,1349,2025-10-07T14:26:38,BOUGHT_HOUSE,"Transaction=APPROVED_BUY
House=N07"
6378,1349,2025-10-07T14:27:39,VIEW_TAXES,
6380,1349,2025-10-07T14:27:41,VIEW_IMPROVEMENTS,
6410,1349,2025-10-07T14:30:14,ANSWER_SURVEY,
6448,1349,2025-10-07T14:33:28,SURVEY_COMPLETED,
6461,1349,2025-10-07T14:34:58,VIEW_DAMAGE,
6485,1349,2025-10-07T14:36:34,VIEW_SUMMARY,
6525,1379,2025-10-07T14:40:23,READ_BUDGET,
6527,1379,2025-10-07T14:40:26,READ_NEWS,
6558,1379,2025-10-07T14:41:44,VIEW_SELL_HOUSE,
6578,1379,2025-10-07T14:42:28,STAY_HOUSE_WAIT,
6593,1379,2025-10-07T14:43:03,STAYED_HOUSE,
6596,1379,2025-10-07T14:43:10,VIEW_TAXES,
6610,1379,2025-10-07T14:43:38,VIEW_IMPROVEMENTS,
6680,1379,2025-10-07T14:45:43,ANSWER_SURVEY,
6698,1379,2025-10-07T14:46:21,SURVEY_COMPLETED,
6716,1379,2025-10-07T14:47:29,VIEW_DAMAGE,
6730,1379,2025-10-07T14:48:16,VIEW_SUMMARY,
6751,1393,2025-10-07T14:49:03,READ_BUDGET,
6761,1393,2025-10-07T14:49:32,READ_NEWS,
6798,1393,2025-10-07T14:50:30,VIEW_SELL_HOUSE,
6803,1393,2025-10-07T14:50:31,STAY_HOUSE_WAIT,
6817,1393,2025-10-07T14:50:59,STAYED_HOUSE,
6825,1393,2025-10-07T14:51:05,VIEW_TAXES,
6841,1393,2025-10-07T14:51:21,VIEW_IMPROVEMENTS,
6908,1393,2025-10-07T14:53,ANSWER_SURVEY,
6937,1393,2025-10-07T14:53:36,SURVEY_COMPLETED,
6955,1393,2025-10-07T14:54:33,VIEW_DAMAGE,
6969,1393,2025-10-07T14:55:15,VIEW_SUMMARY,
6982,1412,2025-10-07T14:55:52,READ_BUDGET,
6989,1412,2025-10-07T14:55:58,READ_NEWS,
7021,1412,2025-10-07T14:57:32,VIEW_SELL_HOUSE,
7101,1412,2025-10-07T14:59:35,STAY_HOUSE_WAIT,
7118,1412,2025-10-07T15:00:18,STAYED_HOUSE,
7127,1412,2025-10-07T15:00:27,VIEW_TAXES,
7132,1412,2025-10-07T15:00:33,VIEW_IMPROVEMENTS,
7141,1412,2025-10-07T15:00:59,ANSWER_SURVEY,
7157,1412,2025-10-07T15:01:47,SURVEY_COMPLETED,
7172,1412,2025-10-07T15:02:36,VIEW_DAMAGE,
7178,1412,2025-10-07T15:02:49,VIEW_SUMMARY,
6270,1331,2025-10-07T13:55:22,LOGIN,Round=0
6291,1350,2025-10-07T14:18:46,READ_BUDGET,
6295,1350,2025-10-07T14:19:15,READ_NEWS,
6319,1350,2025-10-07T14:21:37,VIEW_BUY_HOUSE,
6351,1350,2025-10-07T14:25:46,BUY_HOUSE_WAIT,
6365,1350,2025-10-07T14:26:39,BOUGHT_HOUSE,"Transaction=APPROVED_BUY
House=D05"
6372,1350,2025-10-07T14:27:21,VIEW_TAXES,
6375,1350,2025-10-07T14:27:30,VIEW_IMPROVEMENTS,
6447,1350,2025-10-07T14:33:16,ANSWER_SURVEY,
6454,1350,2025-10-07T14:33:49,SURVEY_COMPLETED,
6462,1350,2025-10-07T14:35:01,VIEW_DAMAGE,
6489,1350,2025-10-07T14:36:36,VIEW_SUMMARY,
6520,1374,2025-10-07T14:40:20,READ_BUDGET,
6528,1374,2025-10-07T14:40:26,READ_NEWS,
6560,1374,2025-10-07T14:41:46,VIEW_SELL_HOUSE,
6573,1374,2025-10-07T14:42:19,STAY_HOUSE_WAIT,
6585,1374,2025-10-07T14:42:53,STAYED_HOUSE,
6590,1374,2025-10-07T14:43,VIEW_TAXES,
6608,1374,2025-10-07T14:43:38,VIEW_IMPROVEMENTS,
6641,1374,2025-10-07T14:44:37,ANSWER_SURVEY,
6690,1374,2025-10-07T14:45:56,SURVEY_COMPLETED,
6715,1374,2025-10-07T14:47:27,VIEW_DAMAGE,
6729,1374,2025-10-07T14:48:15,VIEW_SUMMARY,
6753,1395,2025-10-07T14:49:07,READ_BUDGET,
6762,1395,2025-10-07T14:49:34,READ_NEWS,
6794,1395,2025-10-07T14:50:27,VIEW_SELL_HOUSE,
6804,1395,2025-10-07T14:50:32,STAY_HOUSE_WAIT,
6818,1395,2025-10-07T14:50:59,STAYED_HOUSE,
6826,1395,2025-10-07T14:51:05,VIEW_TAXES,
6837,1395,2025-10-07T14:51:19,VIEW_IMPROVEMENTS,
6872,1395,2025-10-07T14:52:15,ANSWER_SURVEY,
6935,1395,2025-10-07T14:53:35,SURVEY_COMPLETED,
6954,1395,2025-10-07T14:54:33,VIEW_DAMAGE,
6962,1395,2025-10-07T14:55:01,VIEW_SUMMARY,
6985,1414,2025-10-07T14:55:54,READ_BUDGET,
6991,1414,2025-10-07T14:55:59,READ_NEWS,
7023,1414,2025-10-07T14:57:33,VIEW_SELL_HOUSE,
7099,1414,2025-10-07T14:59:34,STAY_HOUSE_WAIT,
7120,1414,2025-10-07T15:00:19,STAYED_HOUSE,
7125,1414,2025-10-07T15:00:23,VIEW_TAXES,
7134,1414,2025-10-07T15:00:35,VIEW_IMPROVEMENTS,
7153,1414,2025-10-07T15:01:35,ANSWER_SURVEY,
7161,1414,2025-10-07T15:01:52,SURVEY_COMPLETED,
7171,1414,2025-10-07T15:02:36,VIEW_DAMAGE,
7180,1414,2025-10-07T15:02:51,VIEW_SUMMARY,
