id,groupround_id,timestamp,group_state,content
57,179,2024-09-24T10:35:41,NEW_ROUND,Round=1
60,179,2024-09-24T10:37:18,ANNOUNCE_NEWS,
65,179,2024-09-24T10:39:40,SHOW_HOUSES_BUY,
71,179,2024-09-24T10:46:53,ALLOW_BUYING,
74,179,2024-09-24T10:49:57,BUYING_FINISHED,
75,179,2024-09-24T10:50:09,SHOW_TAXES,
88,179,2024-09-24T10:57:19,ALLOW_IMPROVEMENTS,
101,179,2024-09-24T11:03:55,SHOW_SURVEY,
108,179,2024-09-24T11:08:11,SURVEY_COMPLETED,
109,179,2024-09-24T11:08:28,ROLLED_DICE,"Fluvial=8
Pluvial=4"
111,179,2024-09-24T11:09:01,SHOW_SUMMARY,
119,183,2024-09-24T11:11:22,NEW_ROUND,Round=2
121,183,2024-09-24T11:11:38,ANNOUNCE_NEWS,
129,183,2024-09-24T11:13:19,SHOW_HOUSES_SELL,
134,183,2024-09-24T11:16:11,ALLOW_SELLING,
137,183,2024-09-24T11:16:46,SHOW_HOUSES_BUY,
143,183,2024-09-24T11:19:05,ALLOW_BUYING,
144,183,2024-09-24T11:19:09,BUYING_FINISHED,
145,183,2024-09-24T11:19:12,SHOW_TAXES,
146,183,2024-09-24T11:19:22,ALLOW_IMPROVEMENTS,
153,183,2024-09-24T11:22:10,SHOW_SURVEY,
159,183,2024-09-24T11:23:32,SURVEY_COMPLETED,
164,183,2024-09-24T11:24:31,ROLLED_DICE,"Fluvial=5
Pluvial=4"
167,183,2024-09-24T11:24:39,SHOW_SUMMARY,
170,188,2024-09-24T11:25:28,NEW_ROUND,Round=3
175,188,2024-09-24T11:26:44,ANNOUNCE_NEWS,
176,188,2024-09-24T11:26:46,SHOW_HOUSES_SELL,
185,188,2024-09-24T11:29:48,ALLOW_SELLING,
193,188,2024-09-24T11:32:34,SHOW_HOUSES_BUY,
194,188,2024-09-24T11:32:36,ALLOW_BUYING,
196,188,2024-09-24T11:33:16,BUYING_FINISHED,
197,188,2024-09-24T11:33:42,SHOW_TAXES,
206,188,2024-09-24T11:36:18,ALLOW_IMPROVEMENTS,
210,188,2024-09-24T11:38:03,SHOW_SURVEY,
212,188,2024-09-24T11:39:18,SURVEY_COMPLETED,
213,188,2024-09-24T11:39:51,ROLLED_DICE,"Fluvial=6
Pluvial=5"
214,188,2024-09-24T11:39:55,SHOW_SUMMARY,
234,195,2024-09-24T14:23:50,NEW_ROUND,Round=1
237,195,2024-09-24T14:25:28,ANNOUNCE_NEWS,
238,195,2024-09-24T14:26:07,SHOW_HOUSES_BUY,
247,195,2024-09-24T14:31:13,ALLOW_BUYING,
250,195,2024-09-24T14:34:40,BUYING_FINISHED,
251,195,2024-09-24T14:34:43,SHOW_TAXES,
253,195,2024-09-24T14:37:06,ALLOW_IMPROVEMENTS,
259,195,2024-09-24T14:42:24,SHOW_SURVEY,
261,195,2024-09-24T14:43:24,SURVEY_COMPLETED,
264,195,2024-09-24T14:46:29,ROLLED_DICE,"Fluvial=5
Pluvial=9"
265,195,2024-09-24T14:46:38,SHOW_SUMMARY,
274,200,2024-09-24T14:49:06,NEW_ROUND,Round=2
275,200,2024-09-24T14:49:31,ANNOUNCE_NEWS,
280,200,2024-09-24T14:51:25,SHOW_HOUSES_SELL,
283,200,2024-09-24T14:52:47,ALLOW_SELLING,
286,200,2024-09-24T14:54:51,SHOW_HOUSES_BUY,
294,200,2024-09-24T14:57:20,ALLOW_BUYING,
300,200,2024-09-24T14:59:50,BUYING_FINISHED,
301,200,2024-09-24T14:59:53,SHOW_TAXES,
307,200,2024-09-24T15:01:38,ALLOW_IMPROVEMENTS,
320,200,2024-09-24T15:05:30,SHOW_SURVEY,
321,200,2024-09-24T15:05:45,SURVEY_COMPLETED,
324,200,2024-09-24T15:06:29,ROLLED_DICE,"Fluvial=3
Pluvial=10"
327,200,2024-09-24T15:08:19,SHOW_SUMMARY,
342,206,2024-09-24T15:13:44,NEW_ROUND,Round=3
345,206,2024-09-24T15:13:53,ANNOUNCE_NEWS,
346,206,2024-09-24T15:14:31,SHOW_HOUSES_SELL,
353,206,2024-09-24T15:16:01,ALLOW_SELLING,
364,206,2024-09-24T15:18:53,SHOW_HOUSES_BUY,
365,206,2024-09-24T15:19:06,ALLOW_BUYING,
368,206,2024-09-24T15:20:02,BUYING_FINISHED,
369,206,2024-09-24T15:20:08,SHOW_TAXES,
370,206,2024-09-24T15:20:34,ALLOW_IMPROVEMENTS,
379,206,2024-09-24T15:24:51,SHOW_SURVEY,
381,206,2024-09-24T15:25:10,SURVEY_COMPLETED,
384,206,2024-09-24T15:25:29,ROLLED_DICE,"Fluvial=5
Pluvial=2"
385,206,2024-09-24T15:25:38,SHOW_SUMMARY,
53,177,2024-09-24T10:34:31,NEW_ROUND,Round=1
56,177,2024-09-24T10:35:37,ANNOUNCE_NEWS,
62,177,2024-09-24T10:38:02,SHOW_HOUSES_BUY,
67,177,2024-09-24T10:42:36,ALLOW_BUYING,
68,177,2024-09-24T10:46:06,BUYING_FINISHED,
69,177,2024-09-24T10:46:13,SHOW_TAXES,
72,177,2024-09-24T10:47:46,ALLOW_IMPROVEMENTS,
76,177,2024-09-24T10:50:46,SHOW_SURVEY,
80,177,2024-09-24T10:53:04,SURVEY_COMPLETED,
82,177,2024-09-24T10:54,ROLLED_DICE,"Fluvial=5
Pluvial=7"
83,177,2024-09-24T10:56:10,SHOW_SUMMARY,
87,181,2024-09-24T10:57:14,NEW_ROUND,Round=2
89,181,2024-09-24T10:57:33,ANNOUNCE_NEWS,
91,181,2024-09-24T11:00:20,SHOW_HOUSES_SELL,
94,181,2024-09-24T11:02:58,ALLOW_SELLING,
96,181,2024-09-24T11:03:12,SHOW_HOUSES_BUY,
97,181,2024-09-24T11:03:15,ALLOW_BUYING,
99,181,2024-09-24T11:03:24,BUYING_FINISHED,
100,181,2024-09-24T11:03:42,SHOW_TAXES,
102,181,2024-09-24T11:04:11,ALLOW_IMPROVEMENTS,
114,181,2024-09-24T11:10:28,SHOW_SURVEY,
118,181,2024-09-24T11:11:12,SURVEY_COMPLETED,
122,181,2024-09-24T11:11:51,ROLLED_DICE,"Fluvial=8
Pluvial=2"
127,181,2024-09-24T11:12:50,SHOW_SUMMARY,
131,186,2024-09-24T11:14:39,NEW_ROUND,Round=3
132,186,2024-09-24T11:14:47,ANNOUNCE_NEWS,
135,186,2024-09-24T11:16:18,SHOW_HOUSES_SELL,
152,186,2024-09-24T11:20:25,ALLOW_SELLING,
155,186,2024-09-24T11:22:43,SHOW_HOUSES_BUY,
156,186,2024-09-24T11:22:46,ALLOW_BUYING,
163,186,2024-09-24T11:24:30,BUYING_FINISHED,
165,186,2024-09-24T11:24:31,SHOW_TAXES,
166,186,2024-09-24T11:24:38,ALLOW_IMPROVEMENTS,
171,186,2024-09-24T11:25:51,SHOW_SURVEY,
179,186,2024-09-24T11:28:03,SURVEY_COMPLETED,
182,186,2024-09-24T11:28:45,ROLLED_DICE,"Fluvial=5
Pluvial=6"
205,186,2024-09-24T11:35:36,SHOW_SUMMARY,
55,178,2024-09-24T10:35:26,NEW_ROUND,Round=1
64,178,2024-09-24T10:38:54,ANNOUNCE_NEWS,
66,178,2024-09-24T10:40:59,SHOW_HOUSES_BUY,
73,178,2024-09-24T10:49:47,ALLOW_BUYING,
79,178,2024-09-24T10:51:50,BUYING_FINISHED,
85,178,2024-09-24T10:56:39,SHOW_TAXES,
86,178,2024-09-24T10:56:53,ALLOW_IMPROVEMENTS,
104,178,2024-09-24T11:05:58,SHOW_SURVEY,
115,178,2024-09-24T11:10:39,ROLLED_DICE,"Fluvial=3
Pluvial=2"
117,178,2024-09-24T11:10:52,SHOW_SUMMARY,
126,185,2024-09-24T11:12:47,NEW_ROUND,Round=2
128,185,2024-09-24T11:12:50,ANNOUNCE_NEWS,
130,185,2024-09-24T11:14:39,SHOW_HOUSES_SELL,
141,185,2024-09-24T11:18:02,ALLOW_SELLING,
147,185,2024-09-24T11:19:24,SHOW_HOUSES_BUY,
148,185,2024-09-24T11:19:26,ALLOW_BUYING,
149,185,2024-09-24T11:19:57,BUYING_FINISHED,
150,185,2024-09-24T11:19:59,SHOW_TAXES,
151,185,2024-09-24T11:20:04,ALLOW_IMPROVEMENTS,
180,185,2024-09-24T11:28:11,SHOW_SURVEY,
187,185,2024-09-24T11:30:19,ROLLED_DICE,"Fluvial=6
Pluvial=1"
188,185,2024-09-24T11:30:23,SHOW_SUMMARY,
191,189,2024-09-24T11:31:06,NEW_ROUND,Round=3
192,189,2024-09-24T11:31:57,ANNOUNCE_NEWS,
195,189,2024-09-24T11:33:06,SHOW_HOUSES_SELL,
199,189,2024-09-24T11:33:46,ALLOW_SELLING,
209,189,2024-09-24T11:37:37,ALLOW_BUYING,
211,189,2024-09-24T11:39:02,BUYING_FINISHED,
215,189,2024-09-24T11:41:55,SHOW_TAXES,
216,189,2024-09-24T11:41:59,ALLOW_IMPROVEMENTS,
220,189,2024-09-24T11:45:38,SHOW_SURVEY,
222,189,2024-09-24T11:48:45,SURVEY_COMPLETED,
223,189,2024-09-24T11:49:18,ROLLED_DICE,"Fluvial=6
Pluvial=3"
224,189,2024-09-24T11:49:23,SHOW_SUMMARY,
58,180,2024-09-24T10:35:54,NEW_ROUND,Round=1
61,180,2024-09-24T10:37:29,ANNOUNCE_NEWS,
63,180,2024-09-24T10:38:30,SHOW_HOUSES_BUY,
84,180,2024-09-24T10:56:20,ALLOW_BUYING,
90,180,2024-09-24T10:59:43,BUYING_FINISHED,
92,180,2024-09-24T11:00:27,SHOW_TAXES,
98,180,2024-09-24T11:03:16,ALLOW_IMPROVEMENTS,
110,180,2024-09-24T11:08:33,SHOW_SURVEY,
112,180,2024-09-24T11:09:52,SURVEY_COMPLETED,
116,180,2024-09-24T11:10:47,ROLLED_DICE,"Fluvial=7
Pluvial=3"
120,180,2024-09-24T11:11:29,SHOW_SUMMARY,
123,184,2024-09-24T11:12:29,NEW_ROUND,Round=2
125,184,2024-09-24T11:12:39,ANNOUNCE_NEWS,
142,184,2024-09-24T11:19,SHOW_HOUSES_SELL,
158,184,2024-09-24T11:23:09,ALLOW_SELLING,
162,184,2024-09-24T11:24:30,SHOW_HOUSES_BUY,
173,184,2024-09-24T11:26:08,ALLOW_BUYING,
177,184,2024-09-24T11:27:05,BUYING_FINISHED,
178,184,2024-09-24T11:27:10,SHOW_TAXES,
181,184,2024-09-24T11:28:39,ALLOW_IMPROVEMENTS,
201,184,2024-09-24T11:34:36,SHOW_SURVEY,
203,184,2024-09-24T11:35:20,SURVEY_COMPLETED,
207,184,2024-09-24T11:36:21,ROLLED_DICE,"Fluvial=10
Pluvial=7"
208,184,2024-09-24T11:36:46,SHOW_SUMMARY,
217,190,2024-09-24T11:42:34,NEW_ROUND,Round=3
218,190,2024-09-24T11:42:46,ANNOUNCE_NEWS,
219,190,2024-09-24T11:45:11,SHOW_HOUSES_SELL,
221,190,2024-09-24T11:48:30,ALLOW_SELLING,
225,190,2024-09-24T11:50:10,SHOW_HOUSES_BUY,
226,190,2024-09-24T11:50:11,ALLOW_BUYING,
227,190,2024-09-24T11:51:11,BUYING_FINISHED,
228,190,2024-09-24T11:51:14,SHOW_TAXES,
229,190,2024-09-24T11:51:46,ALLOW_IMPROVEMENTS,
230,190,2024-09-24T11:55:36,SHOW_SURVEY,
231,190,2024-09-24T11:55:58,SURVEY_COMPLETED,
232,190,2024-09-24T11:56:59,ROLLED_DICE,"Fluvial=5
Pluvial=4"
233,190,2024-09-24T11:57:14,SHOW_SUMMARY,
52,176,2024-09-24T10:33:37,NEW_ROUND,Round=1
54,176,2024-09-24T10:35:08,ANNOUNCE_NEWS,
59,176,2024-09-24T10:36:33,SHOW_HOUSES_BUY,
70,176,2024-09-24T10:46:25,ALLOW_BUYING,
77,176,2024-09-24T10:51:08,BUYING_FINISHED,
78,176,2024-09-24T10:51:18,SHOW_TAXES,
81,176,2024-09-24T10:53:12,ALLOW_IMPROVEMENTS,
93,176,2024-09-24T11:01:36,SHOW_SURVEY,
95,176,2024-09-24T11:03,SURVEY_COMPLETED,
103,176,2024-09-24T11:04:33,ROLLED_DICE,"Fluvial=8
Pluvial=9"
105,176,2024-09-24T11:06:12,SHOW_SUMMARY,
106,182,2024-09-24T11:06:37,NEW_ROUND,Round=2
107,182,2024-09-24T11:08,ANNOUNCE_NEWS,
113,182,2024-09-24T11:10:02,SHOW_HOUSES_SELL,
124,182,2024-09-24T11:12:37,ALLOW_SELLING,
133,182,2024-09-24T11:16:11,SHOW_HOUSES_BUY,
136,182,2024-09-24T11:16:21,ALLOW_BUYING,
138,182,2024-09-24T11:17:24,BUYING_FINISHED,
139,182,2024-09-24T11:17:37,SHOW_TAXES,
140,182,2024-09-24T11:17:52,ALLOW_IMPROVEMENTS,
154,182,2024-09-24T11:22:27,SHOW_SURVEY,
157,182,2024-09-24T11:23:04,SURVEY_COMPLETED,
160,182,2024-09-24T11:23:51,ROLLED_DICE,"Fluvial=8
Pluvial=4"
161,182,2024-09-24T11:24:08,SHOW_SUMMARY,
168,187,2024-09-24T11:24:45,NEW_ROUND,Round=3
169,187,2024-09-24T11:24:59,ANNOUNCE_NEWS,
172,187,2024-09-24T11:26:01,SHOW_HOUSES_SELL,
174,187,2024-09-24T11:26:22,ALLOW_SELLING,
183,187,2024-09-24T11:29:10,SHOW_HOUSES_BUY,
184,187,2024-09-24T11:29:14,ALLOW_BUYING,
186,187,2024-09-24T11:30:09,BUYING_FINISHED,
189,187,2024-09-24T11:30:35,SHOW_TAXES,
190,187,2024-09-24T11:30:58,ALLOW_IMPROVEMENTS,
198,187,2024-09-24T11:33:42,SHOW_SURVEY,
200,187,2024-09-24T11:34:08,SURVEY_COMPLETED,
202,187,2024-09-24T11:34:58,ROLLED_DICE,"Fluvial=10
Pluvial=10"
204,187,2024-09-24T11:35:27,SHOW_SUMMARY,
239,197,2024-09-24T14:26:14,NEW_ROUND,Round=1
241,197,2024-09-24T14:27:36,ANNOUNCE_NEWS,
246,197,2024-09-24T14:30:52,SHOW_HOUSES_BUY,
262,197,2024-09-24T14:44:07,ALLOW_BUYING,
268,197,2024-09-24T14:47:48,BUYING_FINISHED,
270,197,2024-09-24T14:48:15,SHOW_TAXES,
271,197,2024-09-24T14:48:22,ALLOW_IMPROVEMENTS,
287,197,2024-09-24T14:54:52,SHOW_SURVEY,
296,197,2024-09-24T14:57:35,SURVEY_COMPLETED,
297,197,2024-09-24T14:58:15,ROLLED_DICE,"Fluvial=6
Pluvial=10"
298,197,2024-09-24T14:59:28,SHOW_SUMMARY,
306,202,2024-09-24T15:01:20,NEW_ROUND,Round=2
312,202,2024-09-24T15:02:46,ANNOUNCE_NEWS,
313,202,2024-09-24T15:03:09,SHOW_HOUSES_SELL,
319,202,2024-09-24T15:05:06,ALLOW_SELLING,
329,202,2024-09-24T15:09:38,SHOW_HOUSES_BUY,
330,202,2024-09-24T15:09:47,ALLOW_BUYING,
335,202,2024-09-24T15:10:24,BUYING_FINISHED,
336,202,2024-09-24T15:10:26,SHOW_TAXES,
337,202,2024-09-24T15:10:34,ALLOW_IMPROVEMENTS,
339,202,2024-09-24T15:11:26,SHOW_SURVEY,
358,202,2024-09-24T15:16:48,SURVEY_COMPLETED,
359,202,2024-09-24T15:17:17,ROLLED_DICE,"Fluvial=6
Pluvial=7"
360,202,2024-09-24T15:17:34,SHOW_SUMMARY,
366,207,2024-09-24T15:19:44,NEW_ROUND,Round=3
367,207,2024-09-24T15:19:47,ANNOUNCE_NEWS,
373,207,2024-09-24T15:21:08,SHOW_HOUSES_SELL,
377,207,2024-09-24T15:22:44,ALLOW_SELLING,
399,207,2024-09-24T15:34,SHOW_HOUSES_BUY,
401,207,2024-09-24T15:34:02,ALLOW_BUYING,
405,207,2024-09-24T15:36:16,BUYING_FINISHED,
406,207,2024-09-24T15:36:25,SHOW_TAXES,
407,207,2024-09-24T15:36:34,ALLOW_IMPROVEMENTS,
410,207,2024-09-24T15:39:54,SHOW_SURVEY,
411,207,2024-09-24T15:40:28,SURVEY_COMPLETED,
412,207,2024-09-24T15:40:56,ROLLED_DICE,"Fluvial=6
Pluvial=6"
413,207,2024-09-24T15:41:06,SHOW_SUMMARY,
235,196,2024-09-24T14:24:17,NEW_ROUND,Round=1
236,196,2024-09-24T14:25:25,ANNOUNCE_NEWS,
244,196,2024-09-24T14:29:50,SHOW_HOUSES_BUY,
252,196,2024-09-24T14:35:06,ALLOW_BUYING,
257,196,2024-09-24T14:40:03,BUYING_FINISHED,
258,196,2024-09-24T14:40:05,SHOW_TAXES,
260,196,2024-09-24T14:42:43,ALLOW_IMPROVEMENTS,
267,196,2024-09-24T14:47:01,SHOW_SURVEY,
269,196,2024-09-24T14:48:03,SURVEY_COMPLETED,
272,196,2024-09-24T14:48:48,ROLLED_DICE,"Fluvial=6
Pluvial=6"
276,196,2024-09-24T14:49:37,SHOW_SUMMARY,
277,201,2024-09-24T14:50:37,NEW_ROUND,Round=2
278,201,2024-09-24T14:50:41,ANNOUNCE_NEWS,
282,201,2024-09-24T14:52:33,SHOW_HOUSES_SELL,
284,201,2024-09-24T14:53:45,ALLOW_SELLING,
288,201,2024-09-24T14:55:09,SHOW_HOUSES_BUY,
289,201,2024-09-24T14:55:11,ALLOW_BUYING,
290,201,2024-09-24T14:55:15,BUYING_FINISHED,
291,201,2024-09-24T14:55:17,SHOW_TAXES,
293,201,2024-09-24T14:55:44,ALLOW_IMPROVEMENTS,
302,201,2024-09-24T14:59:54,SHOW_SURVEY,
304,201,2024-09-24T15:00:58,SURVEY_COMPLETED,
305,201,2024-09-24T15:01:13,ROLLED_DICE,"Fluvial=7
Pluvial=9"
311,201,2024-09-24T15:02:35,SHOW_SUMMARY,
315,204,2024-09-24T15:04:18,NEW_ROUND,Round=3
317,204,2024-09-24T15:04:33,ANNOUNCE_NEWS,
322,204,2024-09-24T15:06:15,SHOW_HOUSES_SELL,
328,204,2024-09-24T15:09:14,ALLOW_SELLING,
331,204,2024-09-24T15:09:51,SHOW_HOUSES_BUY,
332,204,2024-09-24T15:09:52,ALLOW_BUYING,
333,204,2024-09-24T15:09:55,BUYING_FINISHED,
334,204,2024-09-24T15:10:23,SHOW_TAXES,
338,204,2024-09-24T15:10:47,ALLOW_IMPROVEMENTS,
341,204,2024-09-24T15:13:35,SHOW_SURVEY,
349,204,2024-09-24T15:15:17,SURVEY_COMPLETED,
352,204,2024-09-24T15:15:50,ROLLED_DICE,"Fluvial=9
Pluvial=8"
361,204,2024-09-24T15:17:39,SHOW_SUMMARY,
245,199,2024-09-24T14:30:36,NEW_ROUND,Round=1
248,199,2024-09-24T14:32:17,ANNOUNCE_NEWS,
249,199,2024-09-24T14:33:20,SHOW_HOUSES_BUY,
263,199,2024-09-24T14:46:08,ALLOW_BUYING,
273,199,2024-09-24T14:48:57,BUYING_FINISHED,
279,199,2024-09-24T14:50:43,SHOW_TAXES,
295,199,2024-09-24T14:57:29,ALLOW_IMPROVEMENTS,
303,199,2024-09-24T14:59:56,SHOW_SURVEY,
310,199,2024-09-24T15:02:11,SURVEY_COMPLETED,
314,199,2024-09-24T15:03:34,ROLLED_DICE,"Fluvial=7
Pluvial=4"
318,199,2024-09-24T15:04:59,SHOW_SUMMARY,
323,205,2024-09-24T15:06:16,NEW_ROUND,Round=2
326,205,2024-09-24T15:08:09,ANNOUNCE_NEWS,
340,205,2024-09-24T15:11:33,SHOW_HOUSES_SELL,
350,205,2024-09-24T15:15:34,ALLOW_SELLING,
354,205,2024-09-24T15:16:20,SHOW_HOUSES_BUY,
355,205,2024-09-24T15:16:23,ALLOW_BUYING,
356,205,2024-09-24T15:16:37,BUYING_FINISHED,
357,205,2024-09-24T15:16:41,SHOW_TAXES,
363,205,2024-09-24T15:18:36,ALLOW_IMPROVEMENTS,
372,205,2024-09-24T15:20:37,SHOW_SURVEY,
375,205,2024-09-24T15:21:18,SURVEY_COMPLETED,
376,205,2024-09-24T15:22:37,ROLLED_DICE,"Fluvial=9
Pluvial=8"
380,205,2024-09-24T15:24:58,SHOW_SUMMARY,
387,209,2024-09-24T15:27:29,NEW_ROUND,Round=3
388,209,2024-09-24T15:28:21,ANNOUNCE_NEWS,
390,209,2024-09-24T15:30:52,SHOW_HOUSES_SELL,
393,209,2024-09-24T15:32:53,ALLOW_SELLING,
394,209,2024-09-24T15:33:45,SHOW_HOUSES_BUY,
395,209,2024-09-24T15:33:47,ALLOW_BUYING,
396,209,2024-09-24T15:33:50,BUYING_FINISHED,
397,209,2024-09-24T15:33:52,SHOW_TAXES,
403,209,2024-09-24T15:34:48,ALLOW_IMPROVEMENTS,
404,209,2024-09-24T15:35:52,SHOW_SURVEY,
408,209,2024-09-24T15:37:50,SURVEY_COMPLETED,
409,209,2024-09-24T15:39:01,ROLLED_DICE,"Fluvial=6
Pluvial=8"
414,209,2024-09-24T15:41:15,SHOW_SUMMARY,
240,198,2024-09-24T14:27:32,NEW_ROUND,Round=1
242,198,2024-09-24T14:28:55,ANNOUNCE_NEWS,
243,198,2024-09-24T14:29:44,SHOW_HOUSES_BUY,
254,198,2024-09-24T14:38:24,ALLOW_BUYING,
255,198,2024-09-24T14:39:22,BUYING_FINISHED,
256,198,2024-09-24T14:39:26,SHOW_TAXES,
266,198,2024-09-24T14:46:52,ALLOW_IMPROVEMENTS,
281,198,2024-09-24T14:51:36,SHOW_SURVEY,
285,198,2024-09-24T14:54:02,SURVEY_COMPLETED,
292,198,2024-09-24T14:55:23,ROLLED_DICE,"Fluvial=10
Pluvial=9"
299,198,2024-09-24T14:59:31,SHOW_SUMMARY,
308,203,2024-09-24T15:02:01,NEW_ROUND,Round=2
309,203,2024-09-24T15:02:05,ANNOUNCE_NEWS,
316,203,2024-09-24T15:04:24,SHOW_HOUSES_SELL,
325,203,2024-09-24T15:07:50,ALLOW_SELLING,
343,203,2024-09-24T15:13:46,SHOW_HOUSES_BUY,
344,203,2024-09-24T15:13:48,ALLOW_BUYING,
347,203,2024-09-24T15:15:02,BUYING_FINISHED,
348,203,2024-09-24T15:15:03,SHOW_TAXES,
351,203,2024-09-24T15:15:39,ALLOW_IMPROVEMENTS,
362,203,2024-09-24T15:18:35,SHOW_SURVEY,
371,203,2024-09-24T15:20:34,SURVEY_COMPLETED,
374,203,2024-09-24T15:21:13,ROLLED_DICE,"Fluvial=8
Pluvial=9"
378,203,2024-09-24T15:23,SHOW_SUMMARY,
382,208,2024-09-24T15:25:12,NEW_ROUND,Round=3
383,208,2024-09-24T15:25:17,ANNOUNCE_NEWS,
386,208,2024-09-24T15:26:19,SHOW_HOUSES_SELL,
389,208,2024-09-24T15:30:24,ALLOW_SELLING,
391,208,2024-09-24T15:32:51,SHOW_HOUSES_BUY,
392,208,2024-09-24T15:32:53,ALLOW_BUYING,
398,208,2024-09-24T15:33:58,BUYING_FINISHED,
400,208,2024-09-24T15:34,SHOW_TAXES,
402,208,2024-09-24T15:34:17,ALLOW_IMPROVEMENTS,
415,208,2024-09-24T15:43:22,SHOW_SURVEY,
416,208,2024-09-24T15:44:46,ROLLED_DICE,"Fluvial=10
Pluvial=9"
417,208,2024-09-24T15:45:15,SHOW_SUMMARY,
